I,II,III,AVR,AVL,AVF,V1,V2,V3,V4,V5,V6
-0.039,0.175,0.214,-0.068,-0.127,0.194,0.029,0.019,-0.074,-0.09,-0.085,-0.084
-0.03,0.179,0.209,-0.074,-0.12,0.194,0.025,0.021,-0.068,-0.087,-0.082,-0.079
-0.018,0.185,0.203,-0.084,-0.111,0.194,0.022,0.045,-0.059,-0.08,-0.075,-0.071
-0.006,0.189,0.195,-0.092,-0.101,0.192,0.018,0.064,-0.052,-0.076,-0.071,-0.063
-0.028,0.194,0.221,-0.084,-0.125,0.207,0.015,0.093,-0.026,-0.053,-0.052,-0.055
-0.044,0.197,0.241,-0.077,-0.143,0.218,0.01,0.132,0.012,-0.02,-0.025,-0.04
-0.018,0.215,0.233,-0.099,-0.126,0.224,0.01,0.179,0.049,0.007,0.002,-0.014
0.008,0.237,0.228,-0.123,-0.11,0.232,0.01,0.252,0.103,0.049,0.034,0.01
0.037,0.261,0.224,-0.149,-0.094,0.242,0.01,0.335,0.171,0.107,0.074,0.036
0.073,0.289,0.215,-0.181,-0.071,0.252,0.01,0.413,0.239,0.169,0.12,0.074
0.094,0.313,0.219,-0.204,-0.063,0.266,0.01,0.481,0.293,0.225,0.163,0.109
0.095,0.33,0.235,-0.213,-0.07,0.282,0.011,0.509,0.319,0.249,0.181,0.132
0.09,0.325,0.235,-0.208,-0.073,0.28,0.014,0.502,0.32,0.257,0.175,0.125
0.085,0.319,0.234,-0.203,-0.075,0.277,0.019,0.459,0.296,0.241,0.166,0.11
0.077,0.312,0.235,-0.195,-0.08,0.274,0.021,0.369,0.232,0.185,0.137,0.094
0.051,0.285,0.235,-0.169,-0.092,0.26,0.026,0.263,0.143,0.117,0.082,0.054
0.013,0.245,0.233,-0.129,-0.11,0.239,0.03,0.161,0.067,0.049,0.024,0.011
-0.018,0.206,0.224,-0.094,-0.121,0.214,0.028,0.087,-0.003,-0.01,-0.025,-0.031
-0.036,0.182,0.217,-0.073,-0.127,0.199,0.024,0.038,-0.052,-0.052,-0.061,-0.063
-0.04,0.17,0.211,-0.066,-0.126,0.19,0.022,-0.002,-0.071,-0.073,-0.078,-0.08
-0.036,0.165,0.201,-0.065,-0.119,0.182,0.019,-0.026,-0.099,-0.094,-0.088,-0.09
-0.04,0.16,0.2,-0.061,-0.12,0.179,0.016,-0.038,-0.113,-0.109,-0.095,-0.094
-0.049,0.154,0.203,-0.053,-0.126,0.179,0.014,-0.035,-0.11,-0.105,-0.097,-0.097
-0.07,0.148,0.218,-0.039,-0.145,0.183,0.011,-0.035,-0.11,-0.105,-0.1,-0.1
-0.086,0.146,0.232,-0.03,-0.159,0.189,0.01,-0.035,-0.11,-0.105,-0.1,-0.102
-0.079,0.15,0.229,-0.035,-0.154,0.19,0.01,-0.035,-0.11,-0.105,-0.1,-0.106
-0.078,0.15,0.228,-0.036,-0.153,0.188,0.01,-0.035,-0.11,-0.105,-0.1,-0.103
-0.071,0.154,0.225,-0.042,-0.148,0.189,0.011,-0.033,-0.108,-0.103,-0.099,-0.096
-0.059,0.166,0.225,-0.054,-0.142,0.195,0.007,-0.029,-0.103,-0.098,-0.095,-0.092
-0.052,0.169,0.222,-0.059,-0.137,0.195,0.005,-0.025,-0.1,-0.095,-0.09,-0.085
-0.045,0.174,0.219,-0.064,-0.132,0.196,0.005,-0.022,-0.097,-0.092,-0.086,-0.08
-0.046,0.174,0.221,-0.064,-0.134,0.197,0.005,-0.017,-0.092,-0.087,-0.081,-0.075
-0.043,0.177,0.219,-0.067,-0.131,0.197,0.005,-0.015,-0.09,-0.085,-0.077,-0.07
-0.033,0.187,0.221,-0.077,-0.127,0.204,0.005,-0.02,-0.09,-0.085,-0.072,-0.07
-0.035,0.183,0.218,-0.074,-0.127,0.2,0.01,-0.02,-0.09,-0.085,-0.07,-0.069
-0.037,0.177,0.214,-0.07,-0.126,0.195,0.01,-0.021,-0.089,-0.085,-0.07,-0.065
-0.043,0.173,0.216,-0.065,-0.13,0.194,0.011,-0.026,-0.091,-0.085,-0.07,-0.064
-0.046,0.166,0.212,-0.06,-0.129,0.188,0.015,-0.024,-0.089,-0.085,-0.07,-0.069
-0.049,0.161,0.21,-0.056,-0.13,0.186,0.015,-0.028,-0.092,-0.087,-0.07,-0.068
-0.052,0.156,0.208,-0.052,-0.131,0.182,0.012,-0.037,-0.111,-0.092,-0.077,-0.084
-0.058,0.155,0.213,-0.049,-0.136,0.183,0.01,-0.04,-0.119,-0.094,-0.087,-0.102
-0.071,0.155,0.226,-0.043,-0.149,0.191,0.01,-0.048,-0.12,-0.098,-0.094,-0.102
-0.067,0.155,0.222,-0.044,-0.145,0.188,0.006,-0.05,-0.126,-0.108,-0.1,-0.105
-0.063,0.155,0.218,-0.046,-0.141,0.186,0.005,-0.056,-0.124,-0.114,-0.105,-0.109
-0.059,0.157,0.216,-0.049,-0.138,0.186,0.005,-0.067,-0.13,-0.121,-0.105,-0.11
-0.048,0.16,0.208,-0.056,-0.128,0.184,0.005,-0.07,-0.138,-0.124,-0.105,-0.107
-0.056,0.163,0.219,-0.054,-0.137,0.191,0.005,-0.075,-0.135,-0.119,-0.105,-0.103
-0.075,0.165,0.24,-0.045,-0.158,0.202,0.005,-0.072,-0.136,-0.121,-0.105,-0.102
-0.074,0.169,0.243,-0.048,-0.159,0.205,0.005,-0.067,-0.133,-0.118,-0.103,-0.098
-0.075,0.169,0.244,-0.048,-0.159,0.206,0.005,-0.064,-0.129,-0.115,-0.094,-0.096
-0.077,0.175,0.252,-0.049,-0.165,0.213,0.008,-0.06,-0.13,-0.115,-0.086,-0.093
-0.058,0.185,0.243,-0.064,-0.151,0.214,0.017,-0.056,-0.124,-0.109,-0.078,-0.083
-0.059,0.199,0.258,-0.071,-0.158,0.228,0.028,-0.056,-0.109,-0.094,-0.071,-0.07
-0.039,0.227,0.267,-0.094,-0.153,0.247,0.007,-0.061,-0.106,-0.09,-0.074,-0.061
-0.002,0.237,0.238,-0.118,-0.121,0.237,-0.035,-0.059,-0.104,-0.09,-0.076,-0.06
0.005,0.235,0.23,-0.12,-0.113,0.232,-0.047,-0.061,-0.105,-0.089,-0.08,-0.059
-0.02,0.206,0.226,-0.093,-0.124,0.216,-0.037,-0.073,-0.128,-0.102,-0.079,-0.062
-0.041,0.16,0.201,-0.06,-0.122,0.181,-0.035,-0.081,-0.144,-0.109,-0.072,-0.057
-0.026,0.137,0.162,-0.056,-0.094,0.149,-0.022,-0.067,-0.138,-0.113,-0.079,-0.064
-0.041,0.085,0.127,-0.022,-0.084,0.106,0.0,-0.07,-0.14,-0.108,-0.083,-0.07
-0.083,-0.005,0.078,0.044,-0.08,0.036,0.03,-0.057,-0.142,-0.122,-0.1,-0.08
-0.105,-0.062,0.043,0.083,-0.074,-0.009,0.052,-0.056,-0.127,-0.101,-0.083,-0.072
-0.099,-0.098,0.001,0.098,-0.049,-0.048,0.061,-0.048,-0.125,-0.114,-0.096,-0.074
-0.068,-0.096,-0.027,0.082,-0.02,-0.061,0.07,-0.025,-0.098,-0.093,-0.085,-0.071
-0.075,-0.106,-0.03,0.091,-0.022,-0.068,0.062,-0.044,-0.115,-0.088,-0.082,-0.062
-0.1,-0.136,-0.036,0.118,-0.031,-0.086,0.152,0.134,-0.012,-0.076,-0.098,-0.112
-0.093,-0.097,-0.004,0.095,-0.044,-0.05,0.22,0.332,0.235,0.125,0.02,-0.068
0.1,0.124,0.024,-0.112,0.037,0.074,0.165,0.517,0.763,0.679,0.475,0.255
0.478,0.584,0.106,-0.531,0.186,0.345,-0.101,0.084,1.092,1.622,1.479,1.072
0.369,0.557,0.189,-0.463,0.09,0.373,-0.574,-1.34,-0.245,0.805,1.141,1.13
-0.114,0.06,0.174,0.026,-0.144,0.117,-0.612,-1.836,-1.504,-0.895,-0.311,0.117
-0.193,-0.176,0.017,0.184,-0.105,-0.079,-0.255,-0.961,-1.008,-0.797,-0.499,-0.233
-0.091,-0.176,-0.085,0.134,-0.003,-0.13,-0.047,-0.261,-0.366,-0.309,-0.209,-0.113
-0.084,-0.113,-0.029,0.099,-0.028,-0.071,0.039,-0.057,-0.139,-0.142,-0.098,-0.079
-0.071,-0.098,-0.027,0.085,-0.022,-0.062,0.084,0.0,-0.068,-0.063,-0.053,-0.03
-0.066,-0.089,-0.023,0.078,-0.022,-0.055,0.091,0.024,-0.07,-0.078,-0.073,-0.04
-0.065,-0.079,-0.014,0.072,-0.026,-0.046,0.091,0.049,-0.05,-0.046,-0.04,-0.026
-0.064,-0.077,-0.013,0.071,-0.025,-0.044,0.088,0.057,-0.05,-0.06,-0.052,-0.029
-0.063,-0.065,-0.002,0.064,-0.03,-0.034,0.086,0.06,-0.03,-0.039,-0.035,-0.021
-0.06,-0.063,-0.003,0.061,-0.028,-0.033,0.083,0.065,-0.024,-0.04,-0.038,-0.019
-0.059,-0.055,0.003,0.057,-0.03,-0.026,0.09,0.079,-0.015,-0.032,-0.031,-0.016
-0.055,-0.051,0.004,0.053,-0.029,-0.023,0.097,0.091,-0.009,-0.028,-0.026,-0.006
-0.054,-0.047,0.008,0.05,-0.031,-0.019,0.095,0.099,-0.003,-0.025,-0.023,-0.003
-0.053,-0.042,0.011,0.048,-0.032,-0.015,0.095,0.114,0.004,-0.018,-0.008,0.007
-0.045,-0.038,0.007,0.041,-0.026,-0.015,0.092,0.138,0.024,-0.005,0.001,0.011
-0.034,-0.033,0.002,0.034,-0.018,-0.015,0.089,0.172,0.052,0.019,0.019,0.02
-0.016,-0.02,-0.004,0.019,-0.006,-0.012,0.091,0.215,0.075,0.037,0.033,0.033
0.003,-0.007,-0.01,0.002,0.007,-0.008,0.094,0.27,0.12,0.071,0.051,0.046
0.026,0.012,-0.014,-0.019,0.02,-0.001,0.095,0.342,0.171,0.114,0.09,0.069
0.04,0.012,-0.027,-0.026,0.033,-0.007,0.095,0.433,0.24,0.174,0.142,0.111
0.056,0.021,-0.035,-0.038,0.046,-0.007,0.093,0.515,0.311,0.237,0.192,0.153
0.093,0.053,-0.04,-0.073,0.066,0.006,0.09,0.571,0.358,0.284,0.233,0.183
0.117,0.07,-0.047,-0.093,0.082,0.011,0.09,0.588,0.388,0.318,0.258,0.208
0.121,0.079,-0.043,-0.1,0.082,0.018,0.09,0.567,0.381,0.329,0.259,0.207
0.11,0.07,-0.04,-0.09,0.075,0.015,0.089,0.526,0.346,0.314,0.255,0.195
0.078,0.04,-0.038,-0.059,0.058,0.001,0.091,0.431,0.286,0.258,0.223,0.177
0.034,0.0,-0.034,-0.016,0.034,-0.017,0.1,0.318,0.212,0.187,0.165,0.133
0.006,-0.033,-0.039,0.014,0.023,-0.035,0.101,0.234,0.142,0.132,0.114,0.09
-0.013,-0.057,-0.044,0.035,0.016,-0.05,0.096,0.16,0.084,0.079,0.064,0.052
-0.025,-0.071,-0.046,0.048,0.011,-0.058,0.095,0.107,0.045,0.036,0.03,0.023
-0.033,-0.083,-0.05,0.058,0.009,-0.067,0.09,0.077,0.016,0.009,0.02,0.012
-0.05,-0.101,-0.051,0.076,0.0,-0.075,0.091,0.058,0.0,0.0,0.014,0.006
-0.055,-0.105,-0.05,0.08,-0.002,-0.077,0.095,0.049,-0.008,-0.005,0.008,-0.001
-0.058,-0.105,-0.047,0.082,-0.005,-0.076,0.095,0.041,-0.016,-0.013,0.001,-0.008
-0.061,-0.105,-0.044,0.083,-0.008,-0.075,0.095,0.033,-0.025,-0.019,-0.004,-0.014
-0.06,-0.105,-0.045,0.083,-0.007,-0.075,0.095,0.026,-0.029,-0.024,0.0,-0.012
-0.052,-0.105,-0.053,0.079,0.001,-0.079,0.095,0.029,-0.024,-0.02,0.0,-0.007
-0.044,-0.102,-0.058,0.073,0.007,-0.079,0.095,0.033,-0.018,-0.016,0.001,-0.005
-0.044,-0.098,-0.055,0.072,0.006,-0.076,0.095,0.037,-0.015,-0.014,0.006,0.0
-0.043,-0.095,-0.052,0.069,0.005,-0.073,0.095,0.042,-0.01,-0.01,0.004,0.003
-0.042,-0.092,-0.049,0.067,0.003,-0.07,0.095,0.044,-0.005,-0.005,0.008,0.007
-0.043,-0.088,-0.046,0.066,0.002,-0.067,0.095,0.056,-0.009,-0.007,0.01,0.01
-0.041,-0.085,-0.044,0.064,0.002,-0.065,0.095,0.063,-0.011,-0.011,0.011,0.01
-0.025,-0.082,-0.057,0.054,0.016,-0.07,0.091,0.059,-0.01,-0.01,0.016,0.01
-0.021,-0.08,-0.059,0.051,0.019,-0.069,0.09,0.057,-0.01,-0.01,0.014,0.01
-0.025,-0.077,-0.052,0.051,0.014,-0.064,0.09,0.054,-0.01,-0.01,0.011,0.01
-0.025,-0.075,-0.049,0.05,0.013,-0.062,0.085,0.051,-0.011,-0.01,0.008,0.007
-0.032,-0.075,-0.043,0.054,0.006,-0.059,0.085,0.05,-0.017,-0.016,0.005,0.001
-0.035,-0.075,-0.04,0.055,0.003,-0.057,0.084,0.043,-0.023,-0.021,0.002,-0.003
-0.04,-0.075,-0.035,0.058,-0.002,-0.055,0.08,0.032,-0.027,-0.027,0.0,-0.008
-0.039,-0.075,-0.035,0.058,-0.002,-0.055,0.078,0.023,-0.034,-0.032,-0.002,-0.013
-0.041,-0.075,-0.034,0.059,-0.003,-0.055,0.074,0.016,-0.038,-0.038,-0.008,-0.016
-0.035,-0.073,-0.038,0.055,0.002,-0.056,0.072,0.009,-0.048,-0.04,-0.012,-0.025
-0.012,-0.07,-0.058,0.041,0.023,-0.063,0.069,0.002,-0.056,-0.04,-0.016,-0.027
-0.009,-0.07,-0.061,0.04,0.026,-0.066,0.067,-0.004,-0.055,-0.043,-0.021,-0.024
-0.014,-0.07,-0.056,0.042,0.021,-0.062,0.064,-0.01,-0.055,-0.046,-0.026,-0.025
-0.016,-0.071,-0.055,0.044,0.019,-0.062,0.065,-0.014,-0.055,-0.044,-0.029,-0.025
-0.019,-0.069,-0.05,0.044,0.016,-0.059,0.065,-0.016,-0.055,-0.04,-0.03,-0.025
-0.028,-0.078,-0.05,0.053,0.012,-0.064,0.065,-0.02,-0.054,-0.04,-0.03,-0.024
-0.04,-0.082,-0.043,0.061,0.002,-0.062,0.066,-0.022,-0.049,-0.039,-0.03,-0.02
-0.038,-0.074,-0.035,0.056,-0.001,-0.055,0.07,-0.026,-0.044,-0.035,-0.031,-0.018
-0.042,-0.068,-0.027,0.055,-0.008,-0.047,0.075,-0.02,-0.039,-0.035,-0.026,-0.014
-0.023,-0.043,-0.02,0.033,-0.002,-0.031,0.077,-0.007,-0.035,-0.033,-0.015,-0.012
-0.007,-0.019,-0.011,0.013,0.002,-0.015,0.089,0.007,-0.029,-0.021,-0.002,-0.009
-0.02,-0.012,0.008,0.015,-0.013,-0.002,0.069,0.026,-0.027,-0.01,0.009,-0.007
0.001,-0.002,-0.003,0.0,0.002,-0.002,0.017,0.027,-0.015,0.007,0.023,0.003
0.036,0.004,-0.032,-0.02,0.034,-0.014,0.003,-0.001,-0.013,0.009,0.027,0.024
0.046,-0.008,-0.054,-0.019,0.05,-0.031,0.007,-0.031,-0.044,-0.032,0.008,0.015
0.03,-0.028,-0.058,-0.001,0.044,-0.043,0.008,-0.052,-0.072,-0.044,-0.003,0.003
0.008,-0.042,-0.051,0.017,0.03,-0.047,0.022,-0.039,-0.08,-0.052,-0.026,-0.018
-0.011,-0.056,-0.045,0.033,0.017,-0.05,0.028,-0.06,-0.093,-0.069,-0.037,-0.04
-0.043,-0.084,-0.041,0.064,-0.001,-0.062,0.041,-0.072,-0.112,-0.101,-0.065,-0.068
-0.054,-0.088,-0.034,0.072,-0.01,-0.061,0.046,-0.066,-0.105,-0.097,-0.064,-0.076
-0.049,-0.09,-0.041,0.07,-0.004,-0.066,0.042,-0.089,-0.116,-0.101,-0.063,-0.073
-0.052,-0.092,-0.04,0.072,-0.006,-0.066,0.05,-0.067,-0.102,-0.103,-0.072,-0.085
-0.047,-0.084,-0.037,0.066,-0.005,-0.06,0.036,-0.089,-0.121,-0.093,-0.051,-0.07
-0.096,-0.126,-0.03,0.111,-0.032,-0.078,0.105,0.048,-0.056,-0.094,-0.102,-0.109
-0.089,-0.1,-0.011,0.095,-0.039,-0.056,0.188,0.25,0.169,0.071,-0.019,-0.083
0.085,0.067,-0.019,-0.076,0.052,0.024,0.163,0.463,0.603,0.479,0.313,0.124
0.429,0.484,0.055,-0.457,0.187,0.269,-0.048,0.249,1.102,1.43,1.256,0.862
0.526,0.62,0.094,-0.574,0.216,0.357,-0.508,-1.085,0.14,1.098,1.322,1.192
0.032,0.167,0.135,-0.099,-0.052,0.151,-0.672,-1.934,-1.358,-0.669,-0.114,0.275
-0.226,-0.142,0.084,0.184,-0.155,-0.03,-0.357,-1.247,-1.172,-0.914,-0.564,-0.26
-0.08,-0.159,-0.078,0.12,-0.001,-0.118,-0.095,-0.408,-0.45,-0.37,-0.251,-0.147
-0.065,-0.095,-0.03,0.08,-0.018,-0.062,-0.001,-0.118,-0.172,-0.186,-0.136,-0.096
-0.043,-0.056,-0.013,0.05,-0.015,-0.035,0.049,-0.035,-0.08,-0.081,-0.058,-0.06
-0.028,-0.055,-0.027,0.041,0.0,-0.041,0.054,-0.009,-0.072,-0.095,-0.074,-0.074
-0.033,-0.043,-0.01,0.039,-0.011,-0.027,0.056,0.002,-0.047,-0.061,-0.046,-0.061
-0.024,-0.043,-0.019,0.034,-0.002,-0.031,0.071,0.01,-0.048,-0.068,-0.054,-0.062
-0.021,-0.034,-0.013,0.028,-0.004,-0.023,0.075,0.019,-0.034,-0.052,-0.042,-0.061
0.002,-0.03,-0.033,0.014,0.018,-0.031,0.069,0.036,-0.028,-0.047,-0.035,-0.054
-0.008,-0.036,-0.028,0.022,0.01,-0.032,0.067,0.048,-0.02,-0.045,-0.031,-0.047
-0.013,-0.039,-0.026,0.026,0.007,-0.032,0.062,0.058,-0.009,-0.033,-0.02,-0.033
-0.007,-0.03,-0.023,0.019,0.009,-0.027,0.059,0.068,-0.002,-0.035,-0.017,-0.027
-0.004,-0.024,-0.02,0.014,0.008,-0.022,0.056,0.089,0.016,-0.02,-0.004,-0.015
0.001,-0.018,-0.019,0.008,0.01,-0.018,0.054,0.12,0.031,-0.01,0.001,-0.009
0.004,-0.011,-0.015,0.004,0.01,-0.013,0.056,0.146,0.041,0.007,0.013,0.003
0.009,-0.004,-0.013,-0.002,0.011,-0.008,0.054,0.181,0.071,0.031,0.036,0.016
0.018,0.009,-0.009,-0.014,0.014,0.0,0.056,0.244,0.12,0.061,0.065,0.031
0.029,0.021,-0.007,-0.025,0.018,0.007,0.052,0.309,0.156,0.097,0.09,0.055
0.05,0.047,-0.003,-0.048,0.027,0.022,0.05,0.387,0.214,0.143,0.125,0.083
0.099,0.082,-0.017,-0.09,0.058,0.032,0.05,0.463,0.277,0.197,0.171,0.116
0.136,0.11,-0.026,-0.123,0.081,0.042,0.047,0.521,0.319,0.245,0.211,0.149
0.148,0.131,-0.017,-0.139,0.082,0.057,0.044,0.555,0.352,0.27,0.238,0.162
0.132,0.123,-0.009,-0.127,0.07,0.057,0.046,0.545,0.347,0.271,0.242,0.158
0.114,0.112,-0.002,-0.113,0.058,0.055,0.05,0.496,0.325,0.27,0.233,0.163
0.094,0.103,0.009,-0.099,0.043,0.056,0.05,0.406,0.275,0.237,0.199,0.149
0.058,0.078,0.02,-0.068,0.019,0.049,0.051,0.298,0.197,0.169,0.147,0.099
0.029,0.044,0.015,-0.037,0.006,0.029,0.055,0.202,0.128,0.108,0.101,0.046
-0.004,0.006,0.009,-0.001,-0.006,0.007,0.055,0.117,0.07,0.054,0.054,0.004
-0.02,-0.015,0.005,0.017,-0.012,-0.005,0.053,0.058,0.031,0.017,0.019,-0.016
-0.024,-0.027,-0.002,0.026,-0.011,-0.014,0.049,0.032,0.002,-0.012,0.004,-0.031
-0.03,-0.033,-0.004,0.032,-0.013,-0.018,0.05,0.022,-0.016,-0.026,-0.007,-0.041
-0.033,-0.029,0.004,0.031,-0.018,-0.012,0.046,0.017,-0.028,-0.018,-0.021,-0.042
-0.039,-0.027,0.012,0.033,-0.025,-0.007,0.045,0.013,-0.037,-0.031,-0.026,-0.046
-0.044,-0.024,0.02,0.033,-0.031,-0.002,0.045,0.006,-0.036,-0.047,-0.025,-0.048
-0.049,-0.021,0.028,0.035,-0.038,0.003,0.04,0.001,-0.035,-0.044,-0.025,-0.051
-0.046,-0.019,0.027,0.032,-0.037,0.004,0.04,0.004,-0.035,-0.048,-0.025,-0.046
-0.04,-0.016,0.024,0.027,-0.031,0.004,0.039,0.005,-0.035,-0.051,-0.025,-0.045
-0.034,-0.013,0.021,0.024,-0.028,0.004,0.035,0.006,-0.035,-0.05,-0.023,-0.045
-0.028,-0.01,0.018,0.019,-0.023,0.003,0.036,0.009,-0.033,-0.047,-0.02,-0.04
-0.023,-0.008,0.016,0.015,-0.019,0.004,0.032,0.011,-0.027,-0.044,-0.017,-0.04
-0.018,-0.004,0.013,0.011,-0.015,0.004,0.03,0.008,-0.023,-0.041,-0.014,-0.04
-0.017,-0.008,0.01,0.012,-0.013,0.001,0.03,0.006,-0.019,-0.038,-0.011,-0.04
-0.016,-0.01,0.006,0.013,-0.011,-0.002,0.03,0.002,-0.014,-0.035,-0.01,-0.04
-0.016,-0.013,0.003,0.014,-0.009,-0.005,0.03,-0.001,-0.01,-0.036,-0.011,-0.04
-0.014,-0.016,-0.001,0.015,-0.006,-0.008,0.03,0.019,-0.017,-0.04,-0.009,-0.04
-0.009,-0.015,-0.006,0.012,-0.001,-0.01,0.03,0.023,-0.028,-0.04,-0.011,-0.04
-0.018,-0.015,0.003,0.017,-0.01,-0.006,0.03,0.013,-0.03,-0.04,-0.008,-0.044
-0.027,-0.015,0.012,0.021,-0.019,-0.001,0.03,0.008,-0.033,-0.04,-0.018,-0.045
-0.024,-0.015,0.009,0.02,-0.016,-0.002,0.03,0.0,-0.036,-0.04,-0.031,-0.045
-0.025,-0.015,0.01,0.02,-0.017,-0.002,0.03,-0.004,-0.039,-0.043,-0.03,-0.045
-0.023,-0.017,0.005,0.02,-0.014,-0.006,0.028,-0.009,-0.04,-0.046,-0.03,-0.044
-0.025,-0.02,0.004,0.022,-0.015,-0.007,0.024,-0.011,-0.045,-0.043,-0.03,-0.046
-0.025,-0.02,0.006,0.022,-0.015,-0.007,0.025,-0.016,-0.053,-0.051,-0.029,-0.05
-0.005,-0.02,-0.015,0.013,0.005,-0.017,0.021,-0.017,-0.057,-0.065,-0.033,-0.05
-0.009,-0.02,-0.011,0.015,0.001,-0.016,0.02,-0.034,-0.061,-0.065,-0.035,-0.05
-0.019,-0.019,0.0,0.019,-0.009,-0.009,0.02,-0.052,-0.059,-0.064,-0.038,-0.053
-0.007,-0.016,-0.009,0.012,0.001,-0.012,0.015,-0.049,-0.064,-0.066,-0.041,-0.057
-0.011,-0.013,-0.002,0.012,-0.004,-0.007,0.015,-0.05,-0.065,-0.064,-0.044,-0.062
-0.024,-0.011,0.013,0.017,-0.019,0.001,0.015,-0.05,-0.066,-0.068,-0.046,-0.065
-0.02,-0.007,0.012,0.013,-0.016,0.002,0.015,-0.046,-0.069,-0.077,-0.043,-0.065
-0.022,-0.005,0.017,0.014,-0.019,0.006,0.015,-0.041,-0.066,-0.075,-0.037,-0.065
-0.035,-0.003,0.032,0.019,-0.033,0.014,0.015,-0.035,-0.06,-0.065,-0.032,-0.065
-0.023,0.008,0.031,0.007,-0.027,0.019,0.019,-0.032,-0.056,-0.06,-0.026,-0.065
-0.029,0.02,0.049,0.004,-0.039,0.035,0.037,-0.027,-0.051,-0.051,-0.02,-0.059
-0.017,0.047,0.064,-0.015,-0.041,0.055,0.044,-0.023,-0.031,-0.038,-0.015,-0.044
0.011,0.061,0.05,-0.036,-0.02,0.055,0.028,-0.021,-0.02,-0.039,-0.015,-0.04
0.014,0.05,0.036,-0.032,-0.011,0.043,-0.011,-0.013,-0.015,-0.045,-0.016,-0.041
0.017,0.043,0.026,-0.031,-0.005,0.034,-0.04,-0.03,-0.02,-0.048,-0.013,-0.036
0.01,0.032,0.022,-0.022,-0.006,0.027,-0.026,-0.059,-0.047,-0.054,-0.02,-0.037
0.011,0.031,0.02,-0.021,-0.005,0.025,-0.014,-0.076,-0.06,-0.057,-0.021,-0.032
-0.01,0.004,0.014,0.002,-0.012,0.009,-0.004,-0.075,-0.063,-0.069,-0.035,-0.049
-0.044,-0.031,0.013,0.037,-0.028,-0.009,-0.006,-0.083,-0.089,-0.085,-0.054,-0.068
-0.062,-0.056,0.007,0.059,-0.034,-0.024,-0.003,-0.079,-0.11,-0.12,-0.089,-0.096
-0.059,-0.053,0.006,0.056,-0.032,-0.024,0.001,-0.088,-0.103,-0.108,-0.085,-0.099
-0.054,-0.056,-0.002,0.055,-0.026,-0.029,-0.003,-0.095,-0.113,-0.121,-0.093,-0.099
-0.051,-0.056,-0.004,0.054,-0.023,-0.03,0.007,-0.079,-0.088,-0.112,-0.096,-0.104
-0.057,-0.05,0.007,0.054,-0.032,-0.022,-0.004,-0.11,-0.108,-0.114,-0.087,-0.089
-0.118,-0.09,0.028,0.104,-0.073,-0.031,0.073,0.055,-0.038,-0.116,-0.13,-0.145
-0.089,-0.052,0.037,0.07,-0.063,-0.007,0.143,0.253,0.193,0.071,-0.032,-0.119
0.119,0.158,0.039,-0.139,0.04,0.098,0.106,0.48,0.665,0.537,0.363,0.158
0.508,0.596,0.088,-0.552,0.21,0.342,-0.131,0.158,1.071,1.45,1.308,0.937
0.542,0.644,0.102,-0.593,0.22,0.373,-0.594,-1.263,-0.056,0.868,1.143,1.106
-0.012,0.17,0.182,-0.079,-0.097,0.176,-0.685,-1.928,-1.407,-0.799,-0.259,0.146
-0.214,-0.093,0.121,0.154,-0.168,0.014,-0.353,-1.153,-1.075,-0.851,-0.538,-0.273
-0.078,-0.107,-0.028,0.092,-0.025,-0.067,-0.121,-0.375,-0.406,-0.365,-0.251,-0.168
-0.084,-0.04,0.043,0.062,-0.063,0.002,-0.032,-0.115,-0.168,-0.191,-0.15,-0.123
-0.064,-0.011,0.052,0.037,-0.058,0.02,0.01,-0.055,-0.1,-0.112,-0.081,-0.072
-0.054,-0.013,0.042,0.033,-0.048,0.014,0.021,-0.031,-0.092,-0.128,-0.094,-0.087
-0.054,-0.007,0.047,0.03,-0.051,0.02,0.025,-0.015,-0.068,-0.094,-0.067,-0.076
-0.046,-0.013,0.034,0.03,-0.04,0.01,0.022,-0.001,-0.066,-0.105,-0.075,-0.082
-0.047,-0.008,0.039,0.027,-0.043,0.015,0.017,0.006,-0.052,-0.085,-0.059,-0.08
-0.042,-0.011,0.031,0.026,-0.037,0.01,0.014,0.02,-0.047,-0.084,-0.057,-0.078
-0.054,-0.003,0.052,0.028,-0.053,0.024,0.01,0.029,-0.038,-0.074,-0.052,-0.075
-0.048,0.007,0.055,0.02,-0.052,0.031,0.007,0.034,-0.03,-0.064,-0.042,-0.067
-0.042,0.013,0.055,0.014,-0.048,0.034,0.004,0.05,-0.021,-0.06,-0.039,-0.066
-0.028,0.028,0.055,-0.001,-0.042,0.041,0.019,0.068,-0.008,-0.048,-0.029,-0.058
-0.02,0.035,0.054,-0.008,-0.038,0.045,0.031,0.084,0.006,-0.045,-0.026,-0.057
-0.019,0.036,0.055,-0.009,-0.038,0.046,0.026,0.118,0.028,-0.027,-0.017,-0.044
-0.003,0.047,0.05,-0.022,-0.027,0.048,0.023,0.162,0.055,-0.008,-0.005,-0.022
-0.008,0.042,0.05,-0.017,-0.03,0.046,0.02,0.214,0.087,0.024,0.02,-0.003
0.023,0.071,0.049,-0.047,-0.013,0.059,0.015,0.289,0.137,0.067,0.052,0.021
0.067,0.111,0.045,-0.089,0.01,0.078,0.018,0.368,0.199,0.113,0.087,0.047
0.091,0.136,0.045,-0.114,0.023,0.09,0.021,0.441,0.25,0.167,0.131,0.084
0.115,0.162,0.047,-0.139,0.034,0.105,0.02,0.493,0.299,0.211,0.167,0.119
0.11,0.161,0.05,-0.136,0.03,0.106,0.02,0.516,0.312,0.234,0.193,0.14
0.104,0.154,0.05,-0.129,0.027,0.102,0.02,0.512,0.301,0.231,0.199,0.148
0.104,0.153,0.05,-0.129,0.027,0.101,0.02,0.468,0.293,0.22,0.191,0.138
0.092,0.142,0.05,-0.117,0.021,0.096,0.027,0.378,0.249,0.196,0.167,0.115
0.057,0.106,0.049,-0.081,0.004,0.078,0.028,0.27,0.178,0.133,0.119,0.074
0.03,0.076,0.046,-0.053,-0.008,0.061,0.025,0.178,0.108,0.072,0.063,0.025
0.012,0.055,0.043,-0.034,-0.016,0.049,0.025,0.109,0.049,0.019,0.011,-0.02
-0.02,0.02,0.041,0.0,-0.031,0.03,0.022,0.057,0.008,-0.015,-0.027,-0.051
-0.047,-0.01,0.037,0.028,-0.042,0.013,0.019,0.026,-0.018,-0.026,-0.044,-0.063
-0.051,-0.016,0.035,0.033,-0.043,0.009,0.021,0.012,-0.034,-0.046,-0.052,-0.069
-0.047,-0.015,0.032,0.031,-0.04,0.009,0.024,-0.001,-0.05,-0.058,-0.062,-0.073
-0.044,-0.014,0.03,0.029,-0.036,0.007,0.025,-0.012,-0.056,-0.061,-0.061,-0.078
-0.049,-0.02,0.03,0.035,-0.039,0.005,0.025,-0.023,-0.055,-0.072,-0.057,-0.079
-0.062,-0.031,0.03,0.046,-0.046,0.0,0.025,-0.028,-0.055,-0.076,-0.055,-0.075
-0.056,-0.027,0.03,0.041,-0.042,0.001,0.025,-0.023,-0.055,-0.074,-0.051,-0.075
-0.052,-0.021,0.031,0.036,-0.041,0.005,0.023,-0.017,-0.055,-0.075,-0.05,-0.075
-0.05,-0.016,0.034,0.033,-0.042,0.009,0.019,-0.014,-0.055,-0.075,-0.047,-0.075
-0.047,-0.01,0.037,0.028,-0.042,0.013,0.02,-0.008,-0.054,-0.075,-0.041,-0.075
-0.045,-0.005,0.039,0.025,-0.042,0.017,0.02,-0.006,-0.049,-0.069,-0.036,-0.072
-0.043,-0.001,0.043,0.022,-0.043,0.021,0.02,-0.01,-0.046,-0.062,-0.033,-0.069
-0.044,0.001,0.045,0.021,-0.045,0.023,0.019,-0.011,-0.043,-0.056,-0.027,-0.066
-0.038,0.005,0.043,0.017,-0.041,0.024,0.016,-0.01,-0.038,-0.049,-0.026,-0.063
-0.03,0.007,0.037,0.011,-0.034,0.022,0.013,-0.011,-0.036,-0.042,-0.032,-0.06
-0.022,0.011,0.033,0.006,-0.027,0.021,0.01,-0.009,-0.031,-0.042,-0.036,-0.061
-0.021,0.008,0.028,0.006,-0.025,0.018,0.007,-0.013,-0.031,-0.05,-0.039,-0.065
-0.023,0.001,0.024,0.011,-0.024,0.012,0.005,-0.021,-0.043,-0.055,-0.044,-0.065
-0.023,-0.003,0.019,0.013,-0.021,0.008,0.002,-0.027,-0.048,-0.058,-0.047,-0.065
-0.025,-0.009,0.015,0.017,-0.02,0.003,0.0,-0.035,-0.052,-0.063,-0.052,-0.069
-0.03,-0.015,0.015,0.022,-0.022,0.0,0.0,-0.043,-0.064,-0.072,-0.055,-0.076
-0.033,-0.02,0.014,0.026,-0.023,-0.003,0.0,-0.049,-0.071,-0.08,-0.055,-0.081
-0.038,-0.027,0.01,0.032,-0.024,-0.008,-0.001,-0.055,-0.073,-0.084,-0.055,-0.085
-0.044,-0.035,0.009,0.04,-0.026,-0.013,-0.004,-0.057,-0.084,-0.085,-0.058,-0.085
-0.053,-0.035,0.019,0.044,-0.036,-0.008,-0.007,-0.065,-0.092,-0.085,-0.062,-0.085
-0.064,-0.038,0.026,0.051,-0.045,-0.006,-0.01,-0.069,-0.087,-0.085,-0.065,-0.085
-0.059,-0.041,0.018,0.05,-0.039,-0.011,-0.012,-0.072,-0.085,-0.085,-0.069,-0.085
-0.051,-0.036,0.015,0.043,-0.033,-0.011,-0.016,-0.075,-0.082,-0.087,-0.07,-0.089
-0.047,-0.036,0.01,0.041,-0.028,-0.013,-0.013,-0.077,-0.079,-0.095,-0.07,-0.09
-0.036,-0.032,0.005,0.034,-0.02,-0.014,-0.006,-0.081,-0.088,-0.099,-0.07,-0.09
-0.054,-0.045,0.009,0.049,-0.032,-0.018,-0.002,-0.078,-0.093,-0.095,-0.07,-0.09
-0.067,-0.052,0.015,0.059,-0.04,-0.019,0.005,-0.071,-0.086,-0.088,-0.07,-0.091
-0.061,-0.039,0.021,0.05,-0.041,-0.009,0.01,-0.064,-0.082,-0.082,-0.071,-0.089
-0.056,-0.031,0.026,0.043,-0.041,-0.002,0.016,-0.057,-0.076,-0.073,-0.065,-0.08
-0.045,-0.014,0.032,0.029,-0.038,0.009,0.019,-0.05,-0.073,-0.068,-0.057,-0.072
-0.034,0.012,0.046,0.011,-0.04,0.028,0.025,-0.045,-0.067,-0.061,-0.049,-0.063
0.008,0.045,0.037,-0.027,-0.015,0.041,0.016,-0.05,-0.039,-0.049,-0.038,-0.055
0.04,0.057,0.017,-0.049,0.011,0.037,-0.026,-0.051,-0.018,-0.039,-0.025,-0.051
0.044,0.055,0.011,-0.05,0.016,0.032,-0.043,-0.048,-0.022,-0.03,-0.022,-0.048
0.026,0.035,0.009,-0.031,0.008,0.022,-0.035,-0.066,-0.062,-0.052,-0.033,-0.052
-0.003,0.008,0.011,-0.003,-0.007,0.01,-0.034,-0.089,-0.09,-0.079,-0.042,-0.048
-0.022,-0.014,0.008,0.018,-0.015,-0.003,-0.028,-0.083,-0.093,-0.092,-0.062,-0.061
-0.043,-0.031,0.012,0.037,-0.028,-0.009,-0.024,-0.099,-0.112,-0.103,-0.071,-0.084
-0.077,-0.071,0.006,0.074,-0.041,-0.032,-0.019,-0.109,-0.135,-0.135,-0.101,-0.105
-0.098,-0.096,0.002,0.097,-0.05,-0.046,-0.014,-0.098,-0.126,-0.128,-0.108,-0.116
-0.086,-0.091,-0.004,0.089,-0.041,-0.047,-0.012,-0.115,-0.136,-0.128,-0.099,-0.116
-0.079,-0.09,-0.011,0.085,-0.034,-0.051,-0.003,-0.091,-0.126,-0.137,-0.111,-0.131
-0.058,-0.07,-0.012,0.065,-0.023,-0.04,0.002,-0.127,-0.124,-0.115,-0.082,-0.095
-0.074,-0.111,-0.037,0.093,-0.018,-0.074,0.058,-0.026,-0.085,-0.151,-0.135,-0.147
-0.061,-0.085,-0.024,0.073,-0.018,-0.054,0.136,0.203,0.123,0.017,-0.062,-0.156
0.062,0.032,-0.03,-0.047,0.046,0.001,0.132,0.409,0.483,0.345,0.192,0.023
0.408,0.425,0.017,-0.416,0.195,0.22,-0.057,0.344,1.056,1.258,1.071,0.712
0.617,0.68,0.062,-0.649,0.277,0.371,-0.461,-0.766,0.428,1.276,1.415,1.219
0.121,0.251,0.13,-0.186,-0.005,0.19,-0.661,-1.832,-1.164,-0.458,0.06,0.382
-0.262,-0.096,0.166,0.179,-0.214,0.035,-0.428,-1.447,-1.286,-0.982,-0.608,-0.29
-0.122,-0.147,-0.024,0.135,-0.049,-0.085,-0.16,-0.57,-0.597,-0.488,-0.337,-0.208
-0.069,-0.107,-0.038,0.088,-0.015,-0.072,-0.047,-0.18,-0.254,-0.262,-0.195,-0.169
-0.09,-0.066,0.024,0.078,-0.057,-0.021,0.003,-0.076,-0.128,-0.118,-0.084,-0.106
-0.084,-0.081,0.003,0.082,-0.044,-0.038,0.012,-0.042,-0.132,-0.141,-0.111,-0.103
-0.074,-0.062,0.012,0.068,-0.043,-0.025,0.016,-0.029,-0.097,-0.102,-0.084,-0.092
-0.061,-0.064,-0.003,0.063,-0.029,-0.034,0.015,-0.014,-0.092,-0.107,-0.085,-0.084
-0.052,-0.055,-0.003,0.054,-0.024,-0.029,0.014,-0.006,-0.081,-0.092,-0.074,-0.082
-0.045,-0.055,-0.01,0.05,-0.017,-0.032,0.016,0.006,-0.071,-0.08,-0.059,-0.069
-0.045,-0.056,-0.011,0.05,-0.016,-0.033,0.013,0.014,-0.066,-0.079,-0.057,-0.069
-0.031,-0.054,-0.023,0.042,-0.003,-0.038,0.01,0.026,-0.053,-0.063,-0.042,-0.057
-0.031,-0.056,-0.026,0.044,-0.002,-0.041,0.01,0.034,-0.049,-0.063,-0.043,-0.054
-0.035,-0.053,-0.018,0.044,-0.008,-0.035,0.008,0.046,-0.037,-0.048,-0.03,-0.044
-0.028,-0.046,-0.018,0.037,-0.004,-0.032,0.004,0.062,-0.028,-0.045,-0.027,-0.041
-0.021,-0.032,-0.011,0.027,-0.005,-0.021,0.005,0.087,-0.009,-0.034,-0.019,-0.03
-0.008,-0.018,-0.01,0.013,0.002,-0.014,0.001,0.124,0.025,-0.021,-0.01,-0.019
0.016,-0.005,-0.021,-0.005,0.019,-0.013,0.0,0.173,0.058,0.01,0.019,-0.003
0.039,0.011,-0.027,-0.025,0.033,-0.008,0.0,0.241,0.104,0.055,0.063,0.029
0.067,0.044,-0.023,-0.055,0.045,0.011,0.0,0.318,0.17,0.113,0.099,0.054
0.098,0.066,-0.032,-0.082,0.065,0.016,0.0,0.394,0.228,0.169,0.142,0.085
0.119,0.077,-0.042,-0.098,0.08,0.017,0.001,0.464,0.28,0.214,0.182,0.124
0.133,0.096,-0.037,-0.114,0.085,0.029,0.006,0.505,0.305,0.248,0.211,0.137
0.136,0.102,-0.034,-0.118,0.085,0.034,0.012,0.511,0.301,0.25,0.219,0.129
0.124,0.093,-0.031,-0.109,0.078,0.031,0.015,0.486,0.296,0.244,0.21,0.125
0.094,0.068,-0.025,-0.081,0.059,0.021,0.02,0.401,0.253,0.212,0.183,0.116
0.061,0.034,-0.027,-0.047,0.043,0.004,0.024,0.298,0.179,0.151,0.135,0.082
0.036,0.006,-0.03,-0.021,0.033,-0.012,0.022,0.203,0.107,0.083,0.082,0.035
0.006,-0.024,-0.03,0.009,0.018,-0.027,0.019,0.122,0.046,0.027,0.04,-0.008
-0.005,-0.046,-0.042,0.026,0.019,-0.044,0.021,0.062,0.001,-0.004,0.012,-0.034
-0.008,-0.054,-0.046,0.031,0.019,-0.05,0.02,0.02,-0.035,-0.036,-0.015,-0.049
-0.022,-0.066,-0.044,0.044,0.012,-0.055,0.018,0.002,-0.053,-0.062,-0.039,-0.061
-0.031,-0.076,-0.045,0.054,0.007,-0.061,0.034,-0.004,-0.06,-0.072,-0.05,-0.062
-0.038,-0.083,-0.045,0.061,0.004,-0.063,0.04,-0.011,-0.062,-0.075,-0.05,-0.059
-0.038,-0.083,-0.045,0.061,0.004,-0.064,0.031,-0.019,-0.074,-0.08,-0.051,-0.056
-0.036,-0.076,-0.04,0.056,0.002,-0.057,0.03,-0.027,-0.08,-0.076,-0.055,-0.053
-0.034,-0.069,-0.035,0.052,0.001,-0.052,0.023,-0.028,-0.073,-0.069,-0.055,-0.05
-0.033,-0.063,-0.03,0.048,-0.001,-0.046,0.02,-0.021,-0.07,-0.065,-0.053,-0.048
-0.028,-0.055,-0.027,0.042,0.0,-0.041,0.027,-0.016,-0.065,-0.059,-0.046,-0.045
-0.031,-0.051,-0.02,0.041,-0.005,-0.035,0.026,-0.011,-0.06,-0.054,-0.039,-0.042
-0.024,-0.048,-0.024,0.036,0.0,-0.036,0.025,-0.005,-0.056,-0.049,-0.033,-0.04
0.001,-0.045,-0.046,0.022,0.024,-0.045,0.024,0.0,-0.051,-0.044,-0.025,-0.036
0.008,-0.043,-0.051,0.018,0.03,-0.047,0.02,0.006,-0.046,-0.041,-0.021,-0.035
0.011,-0.038,-0.049,0.014,0.03,-0.044,0.02,0.016,-0.043,-0.038,-0.024,-0.035
0.004,-0.047,-0.051,0.021,0.027,-0.049,0.018,0.018,-0.037,-0.033,-0.026,-0.035
-0.012,-0.061,-0.049,0.037,0.019,-0.055,0.014,0.011,-0.034,-0.03,-0.024,-0.035
-0.016,-0.067,-0.051,0.042,0.018,-0.059,0.012,0.004,-0.036,-0.034,-0.026,-0.035
-0.017,-0.072,-0.055,0.045,0.019,-0.064,0.009,-0.002,-0.033,-0.039,-0.024,-0.035
-0.022,-0.077,-0.055,0.05,0.017,-0.066,0.006,-0.01,-0.046,-0.046,-0.029,-0.036
-0.025,-0.08,-0.055,0.053,0.015,-0.067,0.004,-0.015,-0.062,-0.053,-0.043,-0.041
-0.02,-0.075,-0.055,0.048,0.018,-0.065,0.001,-0.022,-0.063,-0.059,-0.045,-0.045
-0.02,-0.075,-0.055,0.048,0.018,-0.065,0.0,-0.031,-0.067,-0.061,-0.046,-0.049
-0.019,-0.073,-0.054,0.047,0.018,-0.064,0.0,-0.04,-0.073,-0.059,-0.05,-0.054
-0.021,-0.07,-0.049,0.046,0.014,-0.06,0.0,-0.048,-0.079,-0.071,-0.05,-0.056
-0.018,-0.068,-0.051,0.043,0.016,-0.059,0.0,-0.05,-0.08,-0.082,-0.055,-0.059
-0.027,-0.077,-0.05,0.052,0.011,-0.063,0.002,-0.05,-0.081,-0.085,-0.055,-0.06
-0.041,-0.09,-0.05,0.065,0.005,-0.07,0.005,-0.05,-0.078,-0.09,-0.056,-0.06
-0.024,-0.09,-0.066,0.057,0.021,-0.078,0.005,-0.05,-0.089,-0.087,-0.06,-0.06
-0.026,-0.093,-0.068,0.06,0.021,-0.08,0.008,-0.05,-0.1,-0.081,-0.06,-0.06
-0.038,-0.096,-0.059,0.067,0.011,-0.077,0.011,-0.045,-0.09,-0.077,-0.058,-0.06
-0.039,-0.091,-0.052,0.065,0.007,-0.072,0.009,-0.045,-0.082,-0.073,-0.051,-0.061
-0.027,-0.074,-0.047,0.05,0.01,-0.06,0.023,-0.041,-0.074,-0.067,-0.044,-0.054
-0.02,-0.058,-0.038,0.04,0.009,-0.048,0.034,-0.04,-0.066,-0.064,-0.037,-0.042
-0.004,-0.038,-0.034,0.021,0.016,-0.036,0.028,-0.037,-0.048,-0.054,-0.031,-0.029
0.009,-0.018,-0.027,0.005,0.018,-0.023,0.032,-0.035,-0.037,-0.047,-0.034,-0.025
0.026,-0.007,-0.034,-0.009,0.03,-0.02,0.004,-0.035,-0.021,-0.033,-0.037,-0.025
0.039,-0.02,-0.058,-0.009,0.049,-0.039,-0.026,-0.035,-0.025,-0.029,-0.039,-0.024
0.004,-0.061,-0.064,0.029,0.034,-0.062,-0.019,-0.058,-0.077,-0.06,-0.044,-0.027
0.029,-0.054,-0.082,0.013,0.055,-0.068,-0.011,-0.076,-0.091,-0.075,-0.042,-0.022
0.013,-0.071,-0.084,0.029,0.049,-0.077,-0.002,-0.071,-0.088,-0.083,-0.054,-0.036
-0.046,-0.119,-0.073,0.083,0.014,-0.096,0.003,-0.083,-0.117,-0.101,-0.076,-0.061
-0.066,-0.142,-0.076,0.105,0.005,-0.109,0.013,-0.08,-0.125,-0.132,-0.109,-0.086
-0.083,-0.146,-0.063,0.115,-0.01,-0.105,0.009,-0.086,-0.121,-0.117,-0.1,-0.082
-0.088,-0.158,-0.07,0.124,-0.009,-0.113,0.011,-0.071,-0.13,-0.135,-0.124,-0.092
-0.086,-0.152,-0.066,0.119,-0.009,-0.109,0.001,-0.063,-0.106,-0.106,-0.112,-0.082
-0.078,-0.162,-0.085,0.12,0.003,-0.123,0.019,-0.064,-0.129,-0.124,-0.126,-0.083
-0.097,-0.174,-0.078,0.136,-0.009,-0.126,0.102,0.117,0.01,-0.073,-0.133,-0.135
-0.042,-0.107,-0.064,0.075,0.011,-0.085,0.143,0.328,0.285,0.154,0.012,-0.081
0.192,0.146,-0.046,-0.169,0.119,0.05,0.074,0.448,0.819,0.773,0.559,0.305
0.516,0.599,0.083,-0.558,0.217,0.341,-0.219,-0.067,1.02,1.632,1.538,1.15
0.326,0.468,0.142,-0.397,0.092,0.305,-0.554,-1.3,-0.402,0.535,0.905,0.967
-0.197,-0.038,0.16,0.117,-0.179,0.061,-0.55,-1.683,-1.471,-0.998,-0.508,-0.077
-0.225,-0.196,0.029,0.211,-0.127,-0.084,-0.274,-0.929,-0.968,-0.774,-0.539,-0.26
-0.089,-0.205,-0.116,0.147,0.014,-0.16,-0.086,-0.297,-0.398,-0.374,-0.282,-0.165
-0.082,-0.138,-0.056,0.11,-0.013,-0.097,-0.023,-0.087,-0.14,-0.169,-0.136,-0.125
-0.067,-0.123,-0.056,0.095,-0.005,-0.089,0.026,-0.028,-0.092,-0.114,-0.095,-0.069
-0.06,-0.117,-0.057,0.089,-0.002,-0.087,0.036,-0.011,-0.074,-0.116,-0.111,-0.081
-0.052,-0.102,-0.05,0.077,-0.001,-0.075,0.035,0.009,-0.056,-0.085,-0.079,-0.059
-0.052,-0.104,-0.053,0.078,0.001,-0.079,0.035,0.018,-0.06,-0.099,-0.094,-0.066
-0.046,-0.093,-0.047,0.069,0.001,-0.07,0.035,0.027,-0.041,-0.072,-0.07,-0.051
-0.04,-0.096,-0.056,0.069,0.008,-0.076,0.036,0.035,-0.043,-0.08,-0.076,-0.052
-0.034,-0.087,-0.054,0.061,0.01,-0.07,0.031,0.039,-0.029,-0.064,-0.064,-0.043
-0.032,-0.087,-0.055,0.06,0.012,-0.07,0.03,0.055,-0.025,-0.062,-0.062,-0.035
-0.032,-0.082,-0.049,0.057,0.009,-0.065,0.03,0.074,-0.018,-0.054,-0.055,-0.03
-0.024,-0.074,-0.05,0.049,0.013,-0.062,0.03,0.089,-0.003,-0.038,-0.05,-0.022
-0.016,-0.066,-0.05,0.041,0.017,-0.058,0.03,0.114,0.021,-0.023,-0.032,-0.013
0.002,-0.047,-0.049,0.022,0.026,-0.048,0.028,0.145,0.045,-0.001,-0.001,0.0
0.03,-0.02,-0.05,-0.005,0.041,-0.035,0.025,0.183,0.072,0.027,0.016,0.016
0.057,0.004,-0.053,-0.03,0.055,-0.024,0.022,0.234,0.113,0.062,0.04,0.045
0.073,0.017,-0.056,-0.044,0.064,-0.019,0.02,0.3,0.166,0.103,0.068,0.065
0.09,0.031,-0.059,-0.061,0.074,-0.013,0.017,0.378,0.233,0.157,0.11,0.097
0.11,0.048,-0.062,-0.079,0.086,-0.006,0.014,0.458,0.295,0.209,0.155,0.127
0.132,0.066,-0.065,-0.098,0.098,0.001,0.019,0.519,0.345,0.26,0.195,0.153
0.144,0.08,-0.064,-0.111,0.103,0.007,0.026,0.547,0.372,0.283,0.214,0.167
0.132,0.073,-0.059,-0.102,0.095,0.007,0.035,0.54,0.361,0.276,0.212,0.165
0.131,0.078,-0.054,-0.104,0.092,0.012,0.044,0.488,0.323,0.255,0.199,0.162
0.106,0.056,-0.05,-0.081,0.077,0.003,0.045,0.394,0.259,0.208,0.153,0.124
0.056,0.011,-0.045,-0.033,0.05,-0.017,0.045,0.289,0.174,0.137,0.099,0.075
0.036,-0.005,-0.04,-0.015,0.038,-0.022,0.045,0.198,0.103,0.068,0.051,0.036
0.011,-0.032,-0.043,0.011,0.028,-0.037,0.045,0.13,0.052,0.018,0.0,0.001
-0.011,-0.056,-0.046,0.034,0.017,-0.05,0.044,0.086,0.012,-0.021,-0.032,-0.02
-0.023,-0.068,-0.044,0.046,0.011,-0.056,0.04,0.051,-0.01,-0.046,-0.048,-0.035
-0.036,-0.081,-0.045,0.059,0.005,-0.063,0.041,0.031,-0.018,-0.058,-0.063,-0.037
-0.043,-0.087,-0.044,0.065,0.001,-0.065,0.038,0.026,-0.024,-0.064,-0.069,-0.034
-0.041,-0.087,-0.046,0.064,0.003,-0.067,0.034,0.021,-0.031,-0.069,-0.069,-0.035
-0.031,-0.081,-0.05,0.056,0.01,-0.065,0.036,0.018,-0.044,-0.068,-0.065,-0.035
-0.027,-0.077,-0.05,0.052,0.012,-0.063,0.031,0.012,-0.045,-0.064,-0.065,-0.036
-0.023,-0.072,-0.05,0.047,0.014,-0.061,0.03,0.011,-0.038,-0.066,-0.063,-0.033
-0.017,-0.068,-0.05,0.042,0.016,-0.059,0.03,0.017,-0.035,-0.061,-0.059,-0.03
-0.013,-0.063,-0.05,0.038,0.019,-0.056,0.026,0.023,-0.03,-0.06,-0.061,-0.028
-0.01,-0.06,-0.05,0.035,0.02,-0.055,0.024,0.029,-0.026,-0.06,-0.055,-0.025
-0.007,-0.057,-0.05,0.032,0.021,-0.053,0.027,0.034,-0.022,-0.051,-0.045,-0.022
-0.005,-0.055,-0.05,0.03,0.023,-0.052,0.031,0.035,-0.016,-0.038,-0.034,-0.02
-0.001,-0.051,-0.05,0.026,0.024,-0.05,0.029,0.036,-0.012,-0.03,-0.027,-0.02
0.0,-0.05,-0.05,0.025,0.025,-0.05,0.026,0.036,-0.008,-0.03,-0.03,-0.02
-0.001,-0.05,-0.049,0.026,0.024,-0.049,0.024,0.034,-0.002,-0.03,-0.03,-0.02
-0.006,-0.051,-0.045,0.029,0.019,-0.047,0.02,0.035,-0.001,-0.03,-0.032,-0.02
-0.018,-0.064,-0.045,0.041,0.014,-0.055,0.021,0.035,-0.008,-0.03,-0.036,-0.02
-0.023,-0.066,-0.042,0.045,0.01,-0.054,0.025,0.035,-0.012,-0.03,-0.035,-0.021
-0.025,-0.065,-0.039,0.045,0.008,-0.052,0.025,0.034,-0.017,-0.035,-0.039,-0.025
-0.023,-0.063,-0.04,0.043,0.009,-0.051,0.025,0.027,-0.024,-0.039,-0.042,-0.029
-0.02,-0.059,-0.04,0.039,0.01,-0.049,0.025,0.021,-0.028,-0.042,-0.046,-0.036
-0.02,-0.06,-0.04,0.04,0.01,-0.05,0.025,0.014,-0.035,-0.047,-0.052,-0.041
-0.024,-0.063,-0.039,0.044,0.008,-0.051,0.029,0.007,-0.034,-0.05,-0.059,-0.039
-0.039,-0.079,-0.041,0.059,0.001,-0.06,0.03,0.001,-0.038,-0.057,-0.063,-0.043
-0.048,-0.086,-0.039,0.067,-0.004,-0.062,0.03,-0.004,-0.05,-0.068,-0.066,-0.045
-0.039,-0.084,-0.045,0.062,0.003,-0.064,0.03,-0.005,-0.05,-0.07,-0.069,-0.045
-0.029,-0.085,-0.056,0.058,0.014,-0.071,0.029,-0.006,-0.05,-0.07,-0.072,-0.048
-0.034,-0.085,-0.051,0.059,0.009,-0.067,0.032,-0.012,-0.05,-0.074,-0.075,-0.051
-0.037,-0.086,-0.049,0.061,0.007,-0.067,0.034,-0.02,-0.05,-0.076,-0.074,-0.055
-0.036,-0.08,-0.044,0.059,0.004,-0.062,0.038,-0.016,-0.05,-0.075,-0.066,-0.055
-0.03,-0.071,-0.041,0.05,0.006,-0.056,0.04,-0.009,-0.04,-0.068,-0.058,-0.048
-0.028,-0.062,-0.034,0.046,0.003,-0.048,0.045,-0.002,-0.03,-0.057,-0.05,-0.041
-0.048,-0.053,-0.005,0.051,-0.021,-0.029,0.045,0.004,-0.02,-0.048,-0.042,-0.034
-0.032,-0.032,0.0,0.032,-0.015,-0.016,0.042,0.012,-0.011,-0.037,-0.043,-0.027
-0.003,-0.015,-0.013,0.009,0.005,-0.014,0.036,0.03,-0.01,-0.028,-0.046,-0.024
0.012,-0.006,-0.018,-0.002,0.015,-0.012,-0.009,0.024,-0.005,-0.018,-0.045,-0.026
0.028,-0.002,-0.031,-0.013,0.029,-0.016,-0.027,0.007,-0.007,-0.007,-0.049,-0.024
0.008,-0.033,-0.041,0.013,0.025,-0.037,-0.012,-0.015,-0.033,-0.027,-0.051,-0.027
0.006,-0.047,-0.054,0.021,0.031,-0.05,-0.009,-0.05,-0.051,-0.056,-0.048,-0.022
0.02,-0.043,-0.062,0.011,0.042,-0.052,0.002,-0.049,-0.051,-0.063,-0.064,-0.03
-0.011,-0.067,-0.056,0.039,0.022,-0.061,0.008,-0.059,-0.071,-0.076,-0.069,-0.055
-0.044,-0.101,-0.057,0.073,0.007,-0.079,0.019,-0.058,-0.091,-0.111,-0.1,-0.084
-0.067,-0.116,-0.049,0.091,-0.009,-0.082,0.012,-0.056,-0.098,-0.098,-0.103,-0.086
-0.086,-0.138,-0.052,0.112,-0.017,-0.095,0.008,-0.056,-0.116,-0.122,-0.111,-0.092
-0.1,-0.142,-0.042,0.121,-0.029,-0.091,0.006,-0.043,-0.09,-0.107,-0.102,-0.092
-0.111,-0.146,-0.035,0.129,-0.037,-0.09,-0.006,-0.056,-0.109,-0.107,-0.094,-0.081
-0.084,-0.148,-0.065,0.116,-0.009,-0.106,0.086,0.1,-0.014,-0.107,-0.141,-0.139
-0.056,-0.095,-0.039,0.076,-0.009,-0.067,0.152,0.289,0.23,0.096,-0.037,-0.108
0.102,0.114,0.012,-0.108,0.045,0.063,0.116,0.474,0.745,0.624,0.406,0.204
0.487,0.585,0.098,-0.536,0.194,0.342,-0.125,0.087,1.116,1.585,1.417,1.016
0.414,0.6,0.186,-0.507,0.114,0.393,-0.598,-1.287,-0.157,0.868,1.164,1.13
-0.094,0.082,0.177,0.006,-0.135,0.129,-0.681,-1.863,-1.485,-0.884,-0.323,0.119
-0.194,-0.173,0.021,0.183,-0.107,-0.076,-0.341,-1.047,-1.057,-0.865,-0.569,-0.282
-0.082,-0.159,-0.077,0.121,-0.002,-0.118,-0.116,-0.317,-0.383,-0.359,-0.269,-0.158
-0.067,-0.088,-0.021,0.078,-0.023,-0.054,-0.017,-0.095,-0.139,-0.183,-0.155,-0.123
-0.057,-0.068,-0.011,0.063,-0.023,-0.039,0.027,-0.031,-0.072,-0.096,-0.095,-0.072
-0.069,-0.073,-0.004,0.071,-0.033,-0.038,0.032,-0.009,-0.068,-0.113,-0.117,-0.076
-0.065,-0.066,-0.001,0.066,-0.032,-0.034,0.037,0.003,-0.044,-0.075,-0.082,-0.063
-0.056,-0.067,-0.011,0.062,-0.022,-0.038,0.031,0.021,-0.045,-0.086,-0.09,-0.062
-0.052,-0.064,-0.011,0.058,-0.02,-0.037,0.03,0.046,-0.027,-0.064,-0.072,-0.055
-0.048,-0.064,-0.015,0.057,-0.016,-0.04,0.027,0.045,-0.021,-0.063,-0.073,-0.049
-0.047,-0.055,-0.009,0.051,-0.019,-0.032,0.024,0.048,-0.01,-0.053,-0.066,-0.047
-0.041,-0.051,-0.01,0.046,-0.015,-0.03,0.022,0.064,0.001,-0.045,-0.058,-0.042
-0.039,-0.045,-0.005,0.043,-0.017,-0.025,0.018,0.064,0.007,-0.04,-0.057,-0.042
-0.034,-0.038,-0.004,0.036,-0.014,-0.021,0.033,0.083,0.027,-0.025,-0.046,-0.036
-0.017,-0.027,-0.01,0.022,-0.003,-0.019,0.046,0.117,0.052,-0.019,-0.04,-0.036
0.0,-0.018,-0.018,0.009,0.009,-0.017,0.041,0.139,0.065,-0.005,-0.024,-0.031
0.008,-0.007,-0.015,0.0,0.011,-0.011,0.038,0.178,0.089,0.01,-0.011,-0.013
0.022,0.006,-0.015,-0.013,0.018,-0.004,0.035,0.242,0.137,0.047,0.021,0.016
0.029,0.016,-0.013,-0.022,0.02,0.002,0.031,0.312,0.19,0.095,0.054,0.038
0.053,0.044,-0.009,-0.048,0.031,0.017,0.028,0.385,0.246,0.145,0.087,0.067
0.089,0.078,-0.011,-0.084,0.05,0.034,0.024,0.457,0.306,0.198,0.139,0.105
0.097,0.106,0.009,-0.102,0.044,0.058,0.026,0.518,0.37,0.258,0.182,0.14
0.112,0.125,0.013,-0.119,0.049,0.069,0.021,0.546,0.398,0.292,0.211,0.169
0.13,0.132,0.003,-0.131,0.063,0.067,0.02,0.539,0.385,0.291,0.223,0.171
0.131,0.13,-0.001,-0.13,0.066,0.064,0.02,0.484,0.353,0.274,0.209,0.158
0.122,0.112,-0.01,-0.117,0.066,0.05,0.024,0.379,0.284,0.22,0.164,0.127
0.09,0.076,-0.014,-0.083,0.052,0.031,0.042,0.276,0.206,0.149,0.107,0.077
0.038,0.027,-0.011,-0.033,0.024,0.008,0.046,0.178,0.134,0.088,0.052,0.026
0.006,-0.003,-0.01,-0.002,0.008,-0.006,0.041,0.1,0.076,0.033,0.005,-0.016
-0.015,-0.025,-0.01,0.02,-0.002,-0.017,0.039,0.055,0.035,-0.008,-0.029,-0.041
-0.032,-0.041,-0.01,0.036,-0.011,-0.025,0.036,0.032,0.008,-0.038,-0.052,-0.049
-0.029,-0.039,-0.01,0.034,-0.009,-0.025,0.034,0.02,-0.013,-0.053,-0.061,-0.061
-0.033,-0.04,-0.008,0.037,-0.013,-0.024,0.031,0.011,-0.031,-0.055,-0.065,-0.068
-0.035,-0.04,-0.004,0.038,-0.015,-0.022,0.028,0.003,-0.032,-0.058,-0.065,-0.065
-0.035,-0.04,-0.005,0.038,-0.015,-0.022,0.026,-0.008,-0.028,-0.061,-0.065,-0.065
-0.033,-0.038,-0.005,0.036,-0.014,-0.021,0.022,-0.006,-0.026,-0.064,-0.065,-0.063
-0.025,-0.031,-0.005,0.028,-0.01,-0.018,0.019,0.0,-0.022,-0.065,-0.065,-0.059
-0.02,-0.024,-0.004,0.023,-0.008,-0.014,0.022,0.005,-0.02,-0.059,-0.065,-0.06
-0.017,-0.017,-0.001,0.017,-0.008,-0.009,0.026,0.011,-0.018,-0.054,-0.059,-0.057
-0.011,-0.011,0.0,0.011,-0.006,-0.005,0.025,0.017,-0.013,-0.048,-0.054,-0.052
-0.007,-0.004,0.003,0.005,-0.004,-0.001,0.025,0.019,-0.007,-0.042,-0.049,-0.05
-0.005,0.001,0.007,0.001,-0.006,0.004,0.025,0.015,-0.004,-0.038,-0.043,-0.045
0.006,0.006,0.0,-0.006,0.003,0.003,0.025,0.015,0.001,-0.033,-0.037,-0.042
0.02,0.012,-0.008,-0.016,0.013,0.002,0.025,0.015,0.005,-0.028,-0.037,-0.038
0.019,0.018,-0.001,-0.018,0.01,0.008,0.025,0.014,0.0,-0.024,-0.041,-0.035
0.012,0.018,0.006,-0.016,0.003,0.012,0.025,0.015,0.0,-0.019,-0.04,-0.035
0.0,0.013,0.013,-0.007,-0.006,0.012,0.025,0.01,-0.001,-0.015,-0.04,-0.033
-0.008,0.01,0.019,-0.001,-0.013,0.014,0.025,0.002,-0.006,-0.02,-0.04,-0.029
-0.009,0.007,0.016,0.001,-0.013,0.011,0.025,-0.004,-0.005,-0.023,-0.04,-0.03
-0.009,0.002,0.011,0.003,-0.01,0.007,0.025,-0.012,-0.007,-0.027,-0.039,-0.033
-0.01,-0.001,0.009,0.005,-0.009,0.004,0.025,-0.019,-0.014,-0.038,-0.041,-0.038
-0.008,-0.004,0.004,0.006,-0.005,0.0,0.025,-0.026,-0.021,-0.044,-0.057,-0.041
-0.01,-0.009,0.002,0.009,-0.006,-0.003,0.025,-0.03,-0.028,-0.046,-0.061,-0.046
-0.007,-0.011,-0.004,0.009,-0.001,-0.008,0.024,-0.03,-0.034,-0.05,-0.06,-0.051
0.005,-0.016,-0.021,0.006,0.014,-0.018,0.021,-0.03,-0.04,-0.053,-0.065,-0.054
0.0,-0.02,-0.019,0.01,0.009,-0.019,0.018,-0.033,-0.044,-0.055,-0.064,-0.059
-0.012,-0.018,-0.007,0.015,-0.002,-0.012,0.015,-0.037,-0.045,-0.063,-0.066,-0.065
-0.016,-0.014,0.002,0.015,-0.008,-0.006,0.013,-0.04,-0.048,-0.068,-0.07,-0.065
-0.024,-0.012,0.011,0.018,-0.017,-0.001,0.009,-0.045,-0.051,-0.064,-0.075,-0.065
-0.028,-0.009,0.019,0.018,-0.024,0.005,0.013,-0.042,-0.048,-0.066,-0.072,-0.066
-0.031,-0.006,0.024,0.018,-0.027,0.009,0.019,-0.038,-0.042,-0.062,-0.066,-0.065
-0.031,-0.005,0.026,0.017,-0.028,0.01,0.027,-0.034,-0.035,-0.059,-0.063,-0.066
-0.016,0.007,0.023,0.004,-0.02,0.015,0.032,-0.031,-0.029,-0.061,-0.057,-0.06
-0.009,0.024,0.033,-0.008,-0.021,0.028,0.04,-0.029,-0.025,-0.047,-0.054,-0.05
0.011,0.053,0.042,-0.033,-0.015,0.047,0.045,-0.03,-0.02,-0.036,-0.045,-0.039
0.03,0.06,0.03,-0.045,0.0,0.044,0.011,-0.031,-0.02,-0.044,-0.039,-0.032
0.028,0.047,0.018,-0.038,0.005,0.033,-0.031,-0.028,-0.013,-0.046,-0.033,-0.037
0.03,0.038,0.008,-0.034,0.011,0.023,-0.04,-0.045,-0.023,-0.05,-0.038,-0.044
0.035,0.028,-0.007,-0.031,0.021,0.01,-0.037,-0.073,-0.058,-0.064,-0.057,-0.049
0.045,0.021,-0.023,-0.033,0.034,-0.001,-0.031,-0.077,-0.067,-0.069,-0.064,-0.05
0.016,-0.009,-0.025,-0.003,0.021,-0.017,-0.024,-0.079,-0.069,-0.074,-0.075,-0.063
-0.026,-0.046,-0.019,0.036,-0.003,-0.033,-0.022,-0.093,-0.097,-0.103,-0.1,-0.081
-0.042,-0.058,-0.016,0.05,-0.012,-0.037,-0.011,-0.078,-0.095,-0.117,-0.115,-0.101
-0.044,-0.052,-0.008,0.048,-0.018,-0.03,-0.012,-0.091,-0.094,-0.1,-0.102,-0.098
-0.047,-0.057,-0.01,0.052,-0.018,-0.033,0.001,-0.072,-0.098,-0.123,-0.121,-0.108
-0.047,-0.043,0.004,0.045,-0.026,-0.019,-0.001,-0.086,-0.089,-0.094,-0.097,-0.088
-0.051,-0.06,-0.01,0.055,-0.021,-0.035,0.016,-0.059,-0.088,-0.13,-0.126,-0.107
-0.065,-0.069,-0.004,0.067,-0.03,-0.036,0.119,0.141,0.06,-0.055,-0.109,-0.157
-0.025,-0.005,0.02,0.015,-0.023,0.008,0.14,0.334,0.342,0.186,0.038,-0.069
0.262,0.311,0.049,-0.287,0.107,0.18,0.05,0.466,0.952,0.942,0.704,0.425
0.587,0.711,0.124,-0.649,0.232,0.417,-0.311,-0.36,0.846,1.571,1.524,1.171
0.29,0.474,0.184,-0.382,0.053,0.329,-0.718,-1.754,-0.773,0.148,0.587,0.77
-0.185,-0.006,0.179,0.095,-0.182,0.087,-0.588,-1.736,-1.47,-1.063,-0.594,-0.153
-0.154,-0.139,0.014,0.146,-0.084,-0.062,-0.242,-0.759,-0.761,-0.628,-0.454,-0.243
-0.039,-0.074,-0.035,0.056,-0.002,-0.054,-0.082,-0.228,-0.287,-0.289,-0.235,-0.162
-0.049,-0.01,0.04,0.029,-0.044,0.015,-0.014,-0.084,-0.117,-0.143,-0.127,-0.118
-0.054,-0.025,0.029,0.039,-0.042,0.002,0.014,-0.044,-0.092,-0.126,-0.12,-0.098
-0.052,-0.018,0.034,0.035,-0.043,0.008,0.021,-0.031,-0.085,-0.121,-0.122,-0.109
-0.047,-0.02,0.027,0.033,-0.037,0.003,0.021,-0.009,-0.069,-0.097,-0.102,-0.087
-0.044,-0.021,0.023,0.032,-0.034,0.0,0.019,-0.002,-0.067,-0.103,-0.108,-0.093
-0.038,-0.016,0.022,0.027,-0.029,0.003,0.016,0.014,-0.053,-0.079,-0.084,-0.077
-0.03,-0.013,0.017,0.021,-0.023,0.002,0.014,0.021,-0.05,-0.085,-0.085,-0.077
-0.031,-0.003,0.029,0.017,-0.03,0.013,0.016,0.033,-0.039,-0.069,-0.071,-0.067
-0.034,0.001,0.036,0.016,-0.035,0.018,0.014,0.042,-0.031,-0.068,-0.069,-0.06
-0.023,0.01,0.033,0.006,-0.028,0.021,0.015,0.053,-0.016,-0.059,-0.06,-0.052
-0.015,0.015,0.029,0.0,-0.022,0.022,0.015,0.075,-0.004,-0.05,-0.054,-0.044
-0.006,0.021,0.027,-0.007,-0.017,0.023,0.015,0.097,0.022,-0.035,-0.039,-0.037
0.003,0.027,0.024,-0.015,-0.011,0.026,0.015,0.138,0.05,-0.005,-0.022,-0.021
0.009,0.031,0.022,-0.02,-0.007,0.026,0.011,0.185,0.08,0.021,-0.01,-0.009
0.022,0.041,0.019,-0.031,0.001,0.03,0.01,0.247,0.121,0.052,0.02,0.014
0.045,0.061,0.016,-0.054,0.014,0.038,0.01,0.321,0.172,0.095,0.057,0.038
0.081,0.094,0.013,-0.088,0.034,0.053,0.01,0.394,0.237,0.154,0.099,0.07
0.107,0.117,0.01,-0.112,0.049,0.063,0.01,0.469,0.295,0.208,0.146,0.11
0.121,0.131,0.011,-0.126,0.055,0.071,0.012,0.51,0.33,0.242,0.184,0.132
0.122,0.146,0.024,-0.134,0.049,0.085,0.015,0.517,0.326,0.261,0.197,0.142
0.111,0.138,0.027,-0.125,0.042,0.082,0.015,0.496,0.314,0.257,0.195,0.139
0.109,0.134,0.024,-0.122,0.042,0.079,0.015,0.428,0.296,0.236,0.171,0.126
0.098,0.123,0.025,-0.111,0.036,0.073,0.015,0.324,0.23,0.184,0.129,0.102
0.065,0.085,0.02,-0.075,0.023,0.053,0.018,0.221,0.149,0.109,0.074,0.047
0.029,0.049,0.02,-0.039,0.004,0.034,0.021,0.14,0.083,0.048,0.013,-0.003
0.005,0.024,0.019,-0.014,-0.007,0.021,0.02,0.074,0.036,0.001,-0.021,-0.028
-0.001,0.014,0.015,-0.007,-0.008,0.014,0.02,0.028,0.008,-0.029,-0.047,-0.054
-0.007,0.008,0.015,-0.001,-0.012,0.011,0.02,0.008,-0.012,-0.046,-0.064,-0.067
-0.015,0.0,0.015,0.007,-0.015,0.007,0.02,0.003,-0.023,-0.051,-0.068,-0.064
-0.023,-0.008,0.015,0.015,-0.019,0.003,0.019,-0.004,-0.029,-0.053,-0.071,-0.065
-0.028,-0.013,0.015,0.02,-0.022,0.001,0.015,-0.011,-0.037,-0.056,-0.07,-0.065
-0.023,-0.011,0.011,0.017,-0.017,0.0,0.015,-0.018,-0.038,-0.059,-0.07,-0.065
-0.018,-0.008,0.01,0.013,-0.014,0.001,0.015,-0.018,-0.035,-0.06,-0.07,-0.063
-0.016,-0.006,0.01,0.011,-0.013,0.002,0.015,-0.011,-0.035,-0.054,-0.07,-0.057
-0.012,-0.002,0.01,0.007,-0.011,0.004,0.015,-0.006,-0.031,-0.047,-0.069,-0.053
-0.011,0.0,0.01,0.006,-0.011,0.005,0.011,-0.001,-0.03,-0.041,-0.064,-0.048
-0.006,0.002,0.009,0.002,-0.007,0.005,0.01,0.005,-0.03,-0.035,-0.059,-0.044
0.004,0.009,0.005,-0.007,-0.001,0.007,0.01,0.009,-0.025,-0.026,-0.055,-0.039
0.011,0.014,0.003,-0.013,0.004,0.008,0.009,0.006,-0.022,-0.033,-0.05,-0.035
0.019,0.019,0.0,-0.019,0.009,0.009,0.011,0.004,-0.019,-0.041,-0.046,-0.035
0.029,0.025,-0.004,-0.027,0.016,0.011,0.008,0.005,-0.015,-0.033,-0.041,-0.034
0.034,0.029,-0.005,-0.031,0.02,0.012,0.015,0.004,-0.01,-0.03,-0.04,-0.03
0.032,0.023,-0.009,-0.027,0.021,0.006,0.026,0.005,-0.012,-0.025,-0.04,-0.029
0.032,0.014,-0.018,-0.022,0.025,-0.002,0.025,0.002,-0.018,-0.02,-0.036,-0.033
0.032,0.006,-0.026,-0.018,0.029,-0.01,0.023,-0.004,-0.022,-0.025,-0.034,-0.035
0.026,-0.004,-0.03,-0.011,0.028,-0.017,0.02,-0.011,-0.027,-0.035,-0.036,-0.036
0.01,-0.02,-0.03,0.005,0.02,-0.025,0.02,-0.018,-0.031,-0.043,-0.045,-0.038
-0.006,-0.036,-0.03,0.021,0.012,-0.033,0.018,-0.024,-0.036,-0.049,-0.055,-0.045
-0.006,-0.036,-0.03,0.021,0.013,-0.033,0.014,-0.031,-0.039,-0.054,-0.055,-0.055
-0.001,-0.031,-0.03,0.016,0.015,-0.03,0.012,-0.034,-0.042,-0.055,-0.056,-0.055
-0.002,-0.029,-0.027,0.016,0.012,-0.028,0.009,-0.037,-0.044,-0.054,-0.061,-0.058
0.0,-0.024,-0.024,0.013,0.013,-0.024,0.005,-0.039,-0.048,-0.056,-0.059,-0.06
0.005,-0.02,-0.025,0.008,0.015,-0.022,0.007,-0.044,-0.05,-0.07,-0.071,-0.062
0.0,-0.02,-0.02,0.01,0.01,-0.02,0.019,-0.05,-0.054,-0.076,-0.082,-0.066
0.0,-0.02,-0.02,0.01,0.01,-0.02,0.021,-0.05,-0.055,-0.077,-0.079,-0.064
-0.001,-0.021,-0.02,0.011,0.01,-0.02,0.019,-0.05,-0.05,-0.081,-0.081,-0.066
-0.01,-0.02,-0.01,0.016,0.0,-0.015,0.021,-0.05,-0.05,-0.083,-0.08,-0.065
-0.012,-0.036,-0.024,0.024,0.006,-0.03,0.018,-0.057,-0.046,-0.087,-0.081,-0.06
0.01,-0.024,-0.033,0.007,0.022,-0.028,0.023,-0.052,-0.044,-0.077,-0.073,-0.053
-0.001,-0.016,-0.015,0.009,0.007,-0.015,0.031,-0.035,-0.043,-0.063,-0.058,-0.048
-0.007,-0.003,0.004,0.005,-0.005,0.0,0.04,-0.026,-0.027,-0.05,-0.045,-0.041
0.066,0.07,0.004,-0.068,0.03,0.037,0.039,-0.019,-0.016,-0.014,-0.018,-0.023
0.081,0.064,-0.018,-0.072,0.049,0.023,-0.004,-0.015,0.003,0.002,-0.01,-0.02
0.065,0.036,-0.03,-0.05,0.047,0.003,-0.036,-0.042,0.003,-0.011,-0.019,-0.026
0.056,0.036,-0.02,-0.045,0.038,0.007,-0.027,-0.062,-0.034,-0.037,-0.029,-0.031
0.05,0.017,-0.033,-0.033,0.041,-0.008,-0.016,-0.068,-0.05,-0.052,-0.035,-0.037
0.053,-0.004,-0.057,-0.024,0.055,-0.03,-0.005,-0.062,-0.054,-0.058,-0.048,-0.043
0.011,-0.039,-0.05,0.015,0.031,-0.045,-0.005,-0.085,-0.073,-0.074,-0.065,-0.055
-0.03,-0.078,-0.048,0.054,0.009,-0.063,-0.006,-0.1,-0.101,-0.111,-0.101,-0.088
-0.05,-0.091,-0.041,0.07,-0.004,-0.066,0.002,-0.088,-0.098,-0.107,-0.099,-0.091
-0.059,-0.098,-0.039,0.079,-0.01,-0.068,-0.004,-0.105,-0.118,-0.11,-0.097,-0.087
-0.066,-0.099,-0.033,0.083,-0.017,-0.065,0.007,-0.08,-0.107,-0.115,-0.109,-0.096
-0.051,-0.099,-0.047,0.075,-0.002,-0.073,-0.002,-0.119,-0.113,-0.099,-0.083,-0.079
-0.075,-0.124,-0.048,0.1,-0.013,-0.086,0.05,-0.006,-0.067,-0.128,-0.142,-0.132
-0.055,-0.083,-0.028,0.07,-0.013,-0.055,0.14,0.205,0.145,0.024,-0.071,-0.118
0.087,0.044,-0.043,-0.065,0.065,0.001,0.124,0.421,0.546,0.396,0.219,0.058
0.441,0.465,0.023,-0.453,0.209,0.244,-0.045,0.307,1.096,1.323,1.129,0.77
0.618,0.65,0.033,-0.634,0.292,0.341,-0.491,-0.983,0.289,1.178,1.351,1.204
0.111,0.217,0.107,-0.164,0.002,0.162,-0.711,-1.983,-1.277,-0.571,-0.041,0.334
-0.22,-0.112,0.108,0.166,-0.164,-0.002,-0.405,-1.381,-1.228,-0.972,-0.62,-0.281
-0.091,-0.16,-0.069,0.126,-0.011,-0.114,-0.139,-0.486,-0.48,-0.416,-0.312,-0.193
-0.045,-0.088,-0.043,0.067,-0.001,-0.065,-0.047,-0.153,-0.173,-0.208,-0.179,-0.129
-0.019,-0.043,-0.025,0.031,0.003,-0.034,0.003,-0.069,-0.075,-0.097,-0.097,-0.079
-0.011,-0.044,-0.032,0.028,0.01,-0.038,0.022,-0.033,-0.062,-0.109,-0.11,-0.089
-0.015,-0.032,-0.017,0.024,0.002,-0.024,0.038,-0.019,-0.042,-0.079,-0.086,-0.076
-0.01,-0.036,-0.026,0.023,0.008,-0.03,0.034,-0.006,-0.04,-0.085,-0.089,-0.073
-0.013,-0.027,-0.013,0.02,0.0,-0.02,0.035,0.001,-0.028,-0.074,-0.079,-0.069
-0.008,-0.025,-0.017,0.017,0.005,-0.021,0.035,0.014,-0.02,-0.066,-0.071,-0.061
-0.013,-0.032,-0.019,0.023,0.003,-0.025,0.035,0.031,-0.011,-0.064,-0.069,-0.058
-0.015,-0.042,-0.028,0.029,0.007,-0.035,0.035,0.039,0.001,-0.051,-0.058,-0.047
-0.013,-0.036,-0.023,0.025,0.005,-0.029,0.03,0.052,0.009,-0.051,-0.057,-0.044
-0.009,-0.029,-0.02,0.019,0.006,-0.024,0.031,0.068,0.021,-0.035,-0.049,-0.035
-0.004,-0.022,-0.018,0.014,0.007,-0.02,0.028,0.088,0.041,-0.02,-0.039,-0.031
-0.002,-0.016,-0.014,0.01,0.006,-0.015,0.025,0.12,0.062,0.003,-0.021,-0.021
0.013,-0.005,-0.018,-0.004,0.016,-0.011,0.025,0.158,0.077,0.022,-0.009,-0.009
0.033,0.006,-0.027,-0.019,0.03,-0.011,0.023,0.211,0.119,0.046,0.014,0.006
0.06,0.022,-0.037,-0.041,0.048,-0.007,0.018,0.28,0.168,0.085,0.044,0.028
0.094,0.059,-0.036,-0.076,0.064,0.012,0.015,0.361,0.223,0.134,0.084,0.066
0.107,0.078,-0.03,-0.092,0.068,0.023,0.012,0.43,0.276,0.184,0.128,0.104
0.131,0.105,-0.026,-0.118,0.078,0.039,0.007,0.483,0.321,0.229,0.162,0.129
0.155,0.133,-0.021,-0.144,0.088,0.056,0.005,0.507,0.344,0.257,0.188,0.154
0.146,0.13,-0.016,-0.137,0.08,0.057,0.012,0.494,0.332,0.268,0.194,0.156
0.142,0.125,-0.017,-0.133,0.079,0.054,0.02,0.461,0.318,0.26,0.186,0.145
0.141,0.117,-0.024,-0.128,0.082,0.046,0.028,0.387,0.288,0.228,0.172,0.133
0.12,0.091,-0.029,-0.105,0.074,0.031,0.037,0.284,0.22,0.172,0.129,0.094
0.085,0.05,-0.035,-0.067,0.06,0.007,0.038,0.189,0.147,0.108,0.072,0.046
0.046,0.006,-0.039,-0.026,0.042,-0.016,0.034,0.115,0.1,0.055,0.022,0.005
0.022,-0.014,-0.035,-0.004,0.029,-0.024,0.032,0.054,0.06,0.009,-0.018,-0.028
0.011,-0.024,-0.035,0.007,0.023,-0.029,0.029,0.02,0.032,-0.02,-0.043,-0.053
-0.001,-0.035,-0.034,0.019,0.016,-0.034,0.026,0.01,0.017,-0.027,-0.051,-0.064
-0.016,-0.045,-0.029,0.03,0.007,-0.037,0.024,0.001,0.002,-0.034,-0.053,-0.065
-0.02,-0.051,-0.031,0.035,0.005,-0.041,0.02,-0.011,-0.002,-0.037,-0.057,-0.065
-0.022,-0.05,-0.028,0.036,0.003,-0.038,0.02,-0.022,-0.008,-0.042,-0.06,-0.065
-0.027,-0.05,-0.023,0.039,-0.002,-0.036,0.019,-0.021,-0.011,-0.045,-0.056,-0.065
-0.03,-0.05,-0.02,0.04,-0.005,-0.035,0.014,-0.017,-0.016,-0.045,-0.055,-0.064
-0.033,-0.05,-0.017,0.042,-0.008,-0.033,0.016,-0.015,-0.02,-0.045,-0.055,-0.059
-0.034,-0.046,-0.012,0.041,-0.011,-0.029,0.012,-0.011,-0.015,-0.045,-0.05,-0.056
-0.035,-0.045,-0.01,0.04,-0.012,-0.027,0.01,-0.01,-0.015,-0.045,-0.05,-0.053
-0.019,-0.045,-0.026,0.032,0.004,-0.035,0.01,-0.013,-0.014,-0.041,-0.049,-0.048
-0.008,-0.04,-0.032,0.024,0.012,-0.036,0.006,-0.016,-0.01,-0.04,-0.045,-0.045
-0.013,-0.04,-0.027,0.027,0.007,-0.033,0.004,-0.019,-0.01,-0.04,-0.045,-0.048
-0.013,-0.039,-0.026,0.026,0.007,-0.032,0.006,-0.022,-0.012,-0.036,-0.045,-0.053
-0.013,-0.035,-0.022,0.024,0.005,-0.028,0.009,-0.025,-0.015,-0.035,-0.045,-0.054
-0.015,-0.035,-0.02,0.025,0.003,-0.027,0.01,-0.027,-0.018,-0.035,-0.045,-0.061
-0.016,-0.035,-0.019,0.026,0.002,-0.027,0.01,-0.03,-0.021,-0.035,-0.049,-0.065
-0.013,-0.034,-0.021,0.024,0.004,-0.027,0.01,-0.033,-0.024,-0.035,-0.05,-0.066
-0.018,-0.036,-0.019,0.027,0.001,-0.027,0.01,-0.037,-0.026,-0.035,-0.052,-0.07
-0.007,-0.029,-0.022,0.018,0.008,-0.026,0.008,-0.04,-0.023,-0.034,-0.055,-0.071
0.003,-0.037,-0.039,0.017,0.021,-0.038,0.004,-0.044,-0.032,-0.046,-0.056,-0.074
-0.018,-0.056,-0.038,0.037,0.011,-0.047,0.002,-0.045,-0.045,-0.056,-0.061,-0.077
-0.021,-0.055,-0.034,0.038,0.007,-0.044,-0.001,-0.046,-0.048,-0.057,-0.066,-0.079
-0.024,-0.055,-0.031,0.039,0.004,-0.042,-0.004,-0.055,-0.052,-0.06,-0.069,-0.083
-0.029,-0.055,-0.026,0.043,-0.001,-0.041,-0.005,-0.064,-0.063,-0.063,-0.074,-0.085
-0.03,-0.054,-0.024,0.043,-0.003,-0.039,-0.005,-0.068,-0.069,-0.068,-0.075,-0.089
-0.028,-0.058,-0.03,0.043,0.001,-0.044,-0.005,-0.07,-0.072,-0.073,-0.077,-0.09
-0.018,-0.06,-0.042,0.039,0.012,-0.051,-0.005,-0.07,-0.075,-0.074,-0.081,-0.085
-0.022,-0.06,-0.038,0.041,0.008,-0.049,-0.005,-0.069,-0.077,-0.07,-0.078,-0.085
-0.024,-0.06,-0.035,0.043,0.006,-0.047,-0.005,-0.071,-0.081,-0.07,-0.075,-0.084
-0.028,-0.06,-0.032,0.044,0.002,-0.046,-0.003,-0.069,-0.078,-0.07,-0.075,-0.079
-0.03,-0.059,-0.03,0.044,0.0,-0.045,0.004,-0.07,-0.071,-0.07,-0.075,-0.08
-0.027,-0.055,-0.028,0.041,0.001,-0.041,0.011,-0.084,-0.067,-0.071,-0.075,-0.078
-0.027,-0.048,-0.021,0.038,-0.003,-0.034,0.017,-0.081,-0.061,-0.066,-0.076,-0.071
-0.028,-0.044,-0.016,0.036,-0.006,-0.03,0.025,-0.072,-0.054,-0.059,-0.07,-0.064
-0.022,-0.032,-0.01,0.027,-0.006,-0.02,0.029,-0.07,-0.051,-0.053,-0.06,-0.058
0.008,0.002,-0.006,-0.005,0.007,-0.002,0.036,-0.051,-0.037,-0.042,-0.05,-0.05
0.034,0.042,0.007,-0.038,0.013,0.024,0.026,-0.044,-0.018,-0.028,-0.044,-0.045
0.049,0.069,0.02,-0.059,0.014,0.044,-0.019,-0.045,-0.008,-0.022,-0.046,-0.05
0.08,0.071,-0.009,-0.075,0.045,0.031,-0.051,-0.046,0.003,-0.003,-0.044,-0.05
0.096,0.048,-0.048,-0.072,0.071,0.0,-0.046,-0.06,-0.019,-0.013,-0.046,-0.05
0.067,0.017,-0.05,-0.042,0.058,-0.016,-0.038,-0.087,-0.056,-0.04,-0.044,-0.05
0.05,-0.001,-0.05,-0.025,0.05,-0.025,-0.031,-0.099,-0.066,-0.045,-0.04,-0.048
0.034,-0.016,-0.049,-0.009,0.042,-0.032,-0.026,-0.101,-0.076,-0.057,-0.056,-0.064
-0.009,-0.06,-0.05,0.034,0.021,-0.055,-0.024,-0.107,-0.11,-0.092,-0.095,-0.102
-0.025,-0.074,-0.049,0.05,0.012,-0.062,-0.015,-0.092,-0.101,-0.092,-0.103,-0.114
-0.027,-0.07,-0.043,0.049,0.008,-0.057,-0.017,-0.11,-0.107,-0.076,-0.093,-0.104
-0.039,-0.083,-0.043,0.061,0.002,-0.063,-0.004,-0.082,-0.105,-0.093,-0.111,-0.123
-0.04,-0.073,-0.033,0.057,-0.004,-0.053,-0.013,-0.111,-0.102,-0.055,-0.085,-0.103
-0.059,-0.099,-0.04,0.079,-0.009,-0.069,0.018,-0.06,-0.103,-0.099,-0.125,-0.139
-0.049,-0.07,-0.021,0.059,-0.014,-0.045,0.109,0.167,0.107,0.013,-0.064,-0.138
0.063,0.018,-0.045,-0.04,0.054,-0.014,0.131,0.372,0.434,0.298,0.123,-0.017
0.391,0.376,-0.015,-0.383,0.203,0.18,-0.016,0.403,1.031,1.158,0.932,0.589
0.626,0.692,0.067,-0.659,0.279,0.379,-0.415,-0.586,0.642,1.465,1.505,1.244
0.219,0.339,0.121,-0.279,0.049,0.23,-0.682,-1.803,-1.009,-0.194,0.272,0.553
-0.196,-0.047,0.149,0.121,-0.172,0.05,-0.495,-1.584,-1.368,-1.013,-0.608,-0.248
-0.113,-0.128,-0.015,0.12,-0.049,-0.071,-0.212,-0.681,-0.656,-0.514,-0.375,-0.215
-0.018,-0.088,-0.07,0.054,0.027,-0.079,-0.086,-0.225,-0.261,-0.252,-0.217,-0.163
-0.015,-0.042,-0.028,0.029,0.007,-0.035,-0.027,-0.106,-0.109,-0.096,-0.103,-0.105
-0.018,-0.058,-0.04,0.038,0.011,-0.049,-0.016,-0.067,-0.101,-0.111,-0.113,-0.088
-0.019,-0.041,-0.022,0.03,0.002,-0.031,-0.017,-0.048,-0.077,-0.086,-0.093,-0.086
-0.015,-0.043,-0.027,0.029,0.006,-0.035,-0.01,-0.03,-0.074,-0.079,-0.09,-0.075
-0.016,-0.036,-0.02,0.026,0.002,-0.028,-0.009,-0.025,-0.066,-0.074,-0.088,-0.077
-0.016,-0.031,-0.015,0.023,0.0,-0.022,-0.003,-0.017,-0.055,-0.055,-0.076,-0.064
-0.008,-0.029,-0.021,0.019,0.006,-0.024,-0.001,-0.011,-0.053,-0.057,-0.075,-0.065
0.015,-0.019,-0.035,0.002,0.025,-0.026,0.0,-0.004,-0.037,-0.039,-0.053,-0.054
0.016,-0.016,-0.031,0.0,0.024,-0.023,0.001,0.008,-0.032,-0.039,-0.052,-0.052
0.017,-0.006,-0.024,-0.005,0.021,-0.015,0.005,0.023,-0.018,-0.027,-0.04,-0.044
0.02,-0.001,-0.021,-0.009,0.02,-0.011,0.005,0.042,-0.014,-0.026,-0.038,-0.04
0.017,0.005,-0.012,-0.01,0.014,-0.004,0.003,0.068,0.003,-0.014,-0.022,-0.031
0.029,0.017,-0.012,-0.023,0.02,0.003,-0.004,0.104,0.039,0.015,-0.002,-0.014
0.05,0.032,-0.018,-0.041,0.034,0.007,-0.011,0.149,0.072,0.045,0.017,0.009
0.085,0.057,-0.028,-0.07,0.056,0.014,-0.017,0.213,0.114,0.078,0.048,0.031
0.107,0.081,-0.026,-0.093,0.066,0.027,-0.024,0.289,0.173,0.13,0.087,0.056
0.117,0.093,-0.025,-0.104,0.071,0.034,-0.029,0.36,0.232,0.185,0.128,0.095
0.136,0.112,-0.025,-0.124,0.08,0.043,-0.03,0.424,0.285,0.232,0.164,0.124
0.147,0.126,-0.02,-0.136,0.083,0.053,-0.03,0.469,0.322,0.271,0.199,0.143
0.143,0.123,-0.02,-0.133,0.081,0.051,-0.03,0.474,0.326,0.282,0.201,0.136
0.134,0.114,-0.02,-0.124,0.076,0.046,-0.03,0.44,0.308,0.269,0.185,0.123
0.126,0.106,-0.02,-0.116,0.073,0.043,-0.03,0.379,0.266,0.235,0.166,0.112
0.114,0.094,-0.02,-0.104,0.067,0.037,-0.027,0.285,0.201,0.184,0.126,0.089
0.089,0.069,-0.02,-0.079,0.054,0.024,-0.023,0.185,0.127,0.129,0.077,0.05
0.055,0.035,-0.02,-0.045,0.038,0.008,-0.017,0.104,0.064,0.074,0.031,-0.002
0.019,-0.001,-0.02,-0.009,0.019,-0.01,-0.014,0.035,0.02,0.025,-0.006,-0.023
-0.01,-0.034,-0.024,0.023,0.007,-0.028,-0.008,-0.008,-0.018,-0.016,-0.039,-0.037
-0.016,-0.042,-0.025,0.03,0.005,-0.033,-0.006,-0.03,-0.046,-0.037,-0.051,-0.051
-0.015,-0.04,-0.025,0.028,0.005,-0.032,-0.019,-0.039,-0.059,-0.042,-0.062,-0.06
-0.014,-0.039,-0.025,0.027,0.006,-0.032,-0.019,-0.04,-0.063,-0.046,-0.066,-0.066
-0.009,-0.034,-0.025,0.022,0.008,-0.03,-0.011,-0.052,-0.071,-0.045,-0.064,-0.06
-0.012,-0.036,-0.024,0.024,0.007,-0.029,-0.009,-0.055,-0.077,-0.045,-0.066,-0.058
-0.013,-0.033,-0.02,0.023,0.003,-0.026,-0.003,-0.049,-0.075,-0.045,-0.065,-0.053
-0.007,-0.028,-0.02,0.018,0.007,-0.024,0.0,-0.047,-0.075,-0.045,-0.065,-0.05
-0.002,-0.022,-0.02,0.012,0.009,-0.021,-0.007,-0.042,-0.076,-0.045,-0.06,-0.046
0.001,-0.019,-0.02,0.009,0.011,-0.02,-0.015,-0.039,-0.074,-0.04,-0.055,-0.039
0.007,-0.013,-0.02,0.003,0.014,-0.016,-0.023,-0.036,-0.076,-0.035,-0.052,-0.033
0.009,-0.011,-0.02,0.001,0.014,-0.015,-0.031,-0.031,-0.067,-0.032,-0.046,-0.026
0.0,-0.02,-0.02,0.01,0.01,-0.02,-0.035,-0.029,-0.05,-0.027,-0.042,-0.019
-0.001,-0.02,-0.019,0.011,0.009,-0.02,-0.035,-0.025,-0.05,-0.021,-0.04,-0.016
0.002,-0.02,-0.022,0.009,0.012,-0.021,-0.035,-0.02,-0.05,-0.016,-0.037,-0.029
-0.001,-0.017,-0.016,0.009,0.008,-0.016,-0.035,-0.022,-0.05,-0.011,-0.034,-0.039
0.012,-0.014,-0.026,0.001,0.02,-0.02,-0.035,-0.026,-0.05,-0.005,-0.03,-0.041
0.027,-0.015,-0.042,-0.006,0.035,-0.029,-0.035,-0.032,-0.05,-0.001,-0.03,-0.044
0.016,-0.022,-0.038,0.003,0.027,-0.03,-0.03,-0.043,-0.054,-0.006,-0.035,-0.047
0.002,-0.031,-0.033,0.015,0.018,-0.032,-0.025,-0.049,-0.057,-0.012,-0.043,-0.049
-0.007,-0.039,-0.032,0.023,0.013,-0.035,-0.02,-0.055,-0.062,-0.016,-0.06,-0.052
-0.024,-0.048,-0.025,0.037,0.001,-0.036,-0.017,-0.059,-0.065,-0.022,-0.067,-0.055
-0.021,-0.05,-0.028,0.036,0.003,-0.038,-0.009,-0.062,-0.067,-0.027,-0.068,-0.055
0.001,-0.051,-0.052,0.025,0.027,-0.051,-0.017,-0.066,-0.07,-0.032,-0.072,-0.055
0.007,-0.049,-0.056,0.022,0.032,-0.052,-0.038,-0.071,-0.07,-0.039,-0.074,-0.055
0.003,-0.051,-0.054,0.024,0.029,-0.052,-0.041,-0.074,-0.07,-0.045,-0.078,-0.058
0.007,-0.048,-0.055,0.021,0.031,-0.051,-0.039,-0.076,-0.069,-0.049,-0.08,-0.064
0.009,-0.046,-0.055,0.019,0.032,-0.05,-0.04,-0.081,-0.072,-0.054,-0.08,-0.068
-0.009,-0.063,-0.054,0.036,0.023,-0.058,-0.04,-0.078,-0.071,-0.053,-0.086,-0.069
-0.016,-0.065,-0.049,0.041,0.017,-0.057,-0.04,-0.075,-0.07,-0.048,-0.084,-0.064
-0.007,-0.059,-0.051,0.033,0.022,-0.055,-0.034,-0.076,-0.07,-0.046,-0.08,-0.061
-0.01,-0.058,-0.048,0.034,0.019,-0.052,-0.02,-0.071,-0.065,-0.042,-0.077,-0.058
0.002,-0.052,-0.054,0.025,0.028,-0.052,-0.015,-0.069,-0.065,-0.037,-0.072,-0.053
0.002,-0.033,-0.034,0.016,0.018,-0.033,0.001,-0.07,-0.064,-0.035,-0.069,-0.05
0.004,-0.013,-0.018,0.005,0.011,-0.015,-0.003,-0.074,-0.067,-0.023,-0.06,-0.045
0.028,0.011,-0.017,-0.019,0.022,-0.003,-0.01,-0.075,-0.05,-0.006,-0.043,-0.035
0.028,0.039,0.011,-0.034,0.008,0.025,-0.014,-0.075,-0.022,-0.006,-0.038,-0.025
0.032,0.033,0.001,-0.032,0.015,0.017,-0.073,-0.075,-0.017,-0.004,-0.04,-0.017
0.041,0.002,-0.039,-0.022,0.04,-0.018,-0.08,-0.076,-0.04,-0.006,-0.046,-0.021
0.052,-0.011,-0.063,-0.02,0.057,-0.036,-0.058,-0.097,-0.077,-0.023,-0.058,-0.025
0.026,-0.039,-0.065,0.007,0.045,-0.052,-0.053,-0.11,-0.094,-0.051,-0.058,-0.028
0.0,-0.059,-0.059,0.029,0.03,-0.059,-0.043,-0.107,-0.086,-0.05,-0.069,-0.045
-0.018,-0.075,-0.057,0.047,0.02,-0.066,-0.042,-0.116,-0.105,-0.067,-0.105,-0.071
-0.059,-0.115,-0.056,0.088,-0.001,-0.085,-0.032,-0.101,-0.103,-0.096,-0.131,-0.093
-0.069,-0.118,-0.049,0.093,-0.01,-0.083,-0.031,-0.111,-0.095,-0.081,-0.113,-0.076
-0.073,-0.126,-0.053,0.099,-0.009,-0.09,-0.022,-0.093,-0.099,-0.105,-0.14,-0.094
-0.061,-0.118,-0.057,0.09,-0.002,-0.087,-0.029,-0.104,-0.08,-0.068,-0.108,-0.075
-0.069,-0.136,-0.067,0.103,-0.001,-0.101,-0.003,-0.078,-0.098,-0.107,-0.143,-0.097
-0.066,-0.109,-0.043,0.088,-0.011,-0.076,0.08,0.129,0.072,-0.014,-0.128,-0.144
-0.004,-0.044,-0.04,0.024,0.018,-0.042,0.114,0.317,0.369,0.244,0.047,-0.055
0.272,0.276,0.004,-0.274,0.134,0.14,-0.006,0.38,0.96,1.024,0.759,0.473
0.583,0.714,0.131,-0.648,0.226,0.422,-0.332,-0.339,0.865,1.657,1.596,1.25
0.258,0.428,0.169,-0.343,0.044,0.298,-0.62,-1.539,-0.753,0.155,0.553,0.75
-0.191,-0.024,0.167,0.107,-0.179,0.072,-0.533,-1.615,-1.46,-1.052,-0.635,-0.201
-0.117,-0.116,0.002,0.117,-0.059,-0.057,-0.245,-0.789,-0.796,-0.623,-0.466,-0.239
-0.021,-0.111,-0.09,0.066,0.035,-0.1,-0.105,-0.263,-0.31,-0.295,-0.269,-0.152
-0.041,-0.072,-0.03,0.057,-0.005,-0.051,-0.049,-0.111,-0.119,-0.113,-0.136,-0.106
-0.028,-0.081,-0.053,0.055,0.013,-0.067,-0.019,-0.072,-0.106,-0.104,-0.131,-0.088
-0.032,-0.072,-0.04,0.052,0.004,-0.056,-0.021,-0.048,-0.075,-0.087,-0.126,-0.088
-0.029,-0.069,-0.041,0.049,0.006,-0.055,-0.015,-0.022,-0.047,-0.063,-0.102,-0.066
-0.026,-0.067,-0.041,0.047,0.008,-0.053,-0.014,-0.017,-0.045,-0.074,-0.108,-0.07
-0.02,-0.061,-0.04,0.041,0.01,-0.05,-0.009,-0.009,-0.035,-0.052,-0.082,-0.061
-0.011,-0.059,-0.048,0.036,0.018,-0.053,-0.012,-0.002,-0.036,-0.061,-0.086,-0.067
-0.008,-0.051,-0.042,0.03,0.017,-0.046,-0.015,0.004,-0.027,-0.044,-0.071,-0.058
-0.003,-0.05,-0.047,0.027,0.022,-0.048,-0.017,0.011,-0.025,-0.047,-0.071,-0.061
0.001,-0.043,-0.044,0.022,0.022,-0.043,-0.021,0.014,-0.02,-0.034,-0.063,-0.056
0.006,-0.04,-0.046,0.017,0.026,-0.042,-0.023,0.026,-0.008,-0.025,-0.057,-0.038
0.016,-0.033,-0.049,0.008,0.033,-0.041,-0.026,0.055,0.02,-0.013,-0.039,-0.017
0.028,-0.022,-0.05,-0.003,0.039,-0.036,-0.025,0.08,0.039,0.01,-0.017,0.001
0.038,-0.013,-0.051,-0.012,0.045,-0.032,-0.025,0.123,0.075,0.04,-0.004,0.013
0.049,0.001,-0.048,-0.025,0.049,-0.023,-0.025,0.18,0.125,0.076,0.011,0.032
0.09,0.035,-0.055,-0.062,0.073,-0.01,-0.025,0.251,0.185,0.134,0.062,0.07
0.121,0.056,-0.066,-0.088,0.093,-0.005,-0.025,0.334,0.259,0.202,0.114,0.106
0.13,0.07,-0.06,-0.1,0.095,0.005,-0.025,0.402,0.312,0.242,0.14,0.13
0.141,0.085,-0.055,-0.113,0.098,0.015,-0.025,0.453,0.357,0.285,0.177,0.154
0.131,0.08,-0.052,-0.105,0.091,0.014,-0.025,0.47,0.362,0.308,0.182,0.156
0.117,0.071,-0.046,-0.093,0.081,0.012,-0.022,0.453,0.343,0.296,0.172,0.14
0.106,0.063,-0.043,-0.084,0.074,0.01,-0.017,0.399,0.326,0.274,0.163,0.133
0.094,0.056,-0.038,-0.075,0.066,0.009,-0.015,0.308,0.25,0.221,0.124,0.115
0.063,0.031,-0.032,-0.047,0.047,0.0,-0.01,0.191,0.165,0.141,0.073,0.066
0.023,-0.007,-0.03,-0.008,0.026,-0.018,-0.007,0.099,0.101,0.072,0.017,0.017
-0.017,-0.039,-0.022,0.028,0.003,-0.031,-0.003,0.042,0.037,0.028,-0.033,-0.015
-0.023,-0.046,-0.023,0.035,0.0,-0.034,0.0,-0.004,-0.001,-0.008,-0.059,-0.039
-0.01,-0.048,-0.038,0.029,0.015,-0.043,0.0,-0.032,-0.029,-0.042,-0.067,-0.054
-0.024,-0.066,-0.041,0.045,0.009,-0.053,0.0,-0.048,-0.04,-0.051,-0.083,-0.061
-0.026,-0.064,-0.038,0.045,0.006,-0.051,0.0,-0.057,-0.05,-0.049,-0.094,-0.064
-0.024,-0.06,-0.037,0.043,0.007,-0.048,0.0,-0.064,-0.06,-0.05,-0.089,-0.062
-0.025,-0.059,-0.033,0.043,0.004,-0.046,-0.004,-0.061,-0.055,-0.058,-0.091,-0.059
-0.018,-0.055,-0.036,0.037,0.01,-0.046,-0.005,-0.06,-0.056,-0.062,-0.087,-0.061
-0.01,-0.054,-0.044,0.032,0.017,-0.049,-0.007,-0.059,-0.054,-0.056,-0.084,-0.06
-0.019,-0.049,-0.03,0.035,0.005,-0.039,-0.01,-0.054,-0.05,-0.055,-0.086,-0.06
-0.024,-0.047,-0.023,0.036,0.0,-0.035,-0.011,-0.056,-0.051,-0.051,-0.081,-0.059
-0.012,-0.043,-0.031,0.028,0.01,-0.037,-0.015,-0.053,-0.047,-0.05,-0.074,-0.053
-0.01,-0.04,-0.029,0.025,0.009,-0.034,-0.015,-0.046,-0.039,-0.043,-0.068,-0.046
-0.013,-0.044,-0.031,0.028,0.009,-0.037,-0.015,-0.039,-0.031,-0.022,-0.064,-0.039
-0.016,-0.045,-0.028,0.031,0.007,-0.036,-0.015,-0.033,-0.025,-0.014,-0.058,-0.033
-0.011,-0.047,-0.036,0.029,0.013,-0.042,-0.015,-0.025,-0.025,-0.016,-0.055,-0.026
0.003,-0.051,-0.054,0.024,0.029,-0.052,-0.012,-0.021,-0.024,-0.012,-0.05,-0.029
0.008,-0.048,-0.056,0.021,0.032,-0.052,-0.009,-0.024,-0.02,-0.01,-0.046,-0.03
0.008,-0.045,-0.053,0.019,0.031,-0.049,-0.011,-0.027,-0.02,-0.01,-0.048,-0.03
0.007,-0.044,-0.052,0.019,0.03,-0.047,-0.009,-0.032,-0.022,-0.013,-0.051,-0.035
0.002,-0.046,-0.048,0.022,0.026,-0.047,-0.011,-0.035,-0.028,-0.019,-0.054,-0.035
0.011,-0.042,-0.053,0.016,0.032,-0.047,-0.008,-0.042,-0.031,-0.023,-0.056,-0.036
0.002,-0.061,-0.064,0.03,0.033,-0.062,-0.005,-0.045,-0.036,-0.028,-0.065,-0.04
-0.022,-0.083,-0.061,0.052,0.02,-0.072,-0.003,-0.048,-0.039,-0.032,-0.071,-0.04
-0.025,-0.079,-0.054,0.052,0.015,-0.066,0.001,-0.063,-0.04,-0.037,-0.074,-0.04
-0.029,-0.079,-0.05,0.055,0.01,-0.064,0.003,-0.071,-0.053,-0.043,-0.078,-0.043
-0.031,-0.075,-0.043,0.053,0.006,-0.059,0.007,-0.078,-0.056,-0.048,-0.083,-0.051
-0.035,-0.075,-0.04,0.055,0.003,-0.057,-0.004,-0.079,-0.051,-0.057,-0.084,-0.058
-0.032,-0.072,-0.04,0.052,0.004,-0.056,-0.017,-0.07,-0.05,-0.054,-0.078,-0.056
-0.014,-0.059,-0.045,0.037,0.015,-0.051,-0.016,-0.065,-0.045,-0.046,-0.072,-0.052
-0.006,-0.049,-0.043,0.028,0.018,-0.045,-0.01,-0.056,-0.044,-0.041,-0.066,-0.048
0.0,-0.032,-0.032,0.016,0.016,-0.031,-0.005,-0.053,-0.038,-0.036,-0.062,-0.045
0.009,-0.018,-0.027,0.005,0.018,-0.022,0.001,-0.064,-0.026,-0.034,-0.055,-0.041
0.005,-0.014,-0.018,0.005,0.012,-0.016,0.003,-0.066,-0.026,-0.036,-0.056,-0.036
0.005,-0.011,-0.016,0.004,0.01,-0.013,-0.036,-0.058,-0.023,-0.033,-0.053,-0.031
0.044,-0.007,-0.05,-0.018,0.047,-0.028,-0.058,-0.066,-0.028,-0.036,-0.051,-0.028
0.062,-0.006,-0.068,-0.028,0.066,-0.037,-0.048,-0.095,-0.05,-0.034,-0.05,-0.023
0.042,-0.019,-0.062,-0.011,0.052,-0.04,-0.044,-0.108,-0.058,-0.035,-0.05,-0.018
0.01,-0.049,-0.059,0.019,0.035,-0.054,-0.034,-0.103,-0.055,-0.05,-0.07,-0.035
-0.05,-0.106,-0.056,0.079,0.003,-0.081,-0.031,-0.117,-0.081,-0.071,-0.096,-0.063
-0.083,-0.134,-0.051,0.109,-0.016,-0.092,-0.021,-0.116,-0.096,-0.099,-0.127,-0.093
-0.063,-0.116,-0.053,0.09,-0.005,-0.084,-0.023,-0.126,-0.103,-0.085,-0.11,-0.082
-0.048,-0.125,-0.077,0.087,0.015,-0.101,-0.015,-0.114,-0.106,-0.109,-0.131,-0.092
-0.035,-0.102,-0.067,0.069,0.016,-0.084,-0.018,-0.124,-0.084,-0.079,-0.101,-0.074
-0.062,-0.127,-0.065,0.095,0.002,-0.096,-0.002,-0.105,-0.103,-0.114,-0.123,-0.084
-0.087,-0.141,-0.054,0.114,-0.016,-0.097,0.093,0.099,0.056,-0.043,-0.138,-0.138
-0.02,-0.066,-0.046,0.043,0.013,-0.056,0.128,0.284,0.343,0.202,0.018,-0.063
0.225,0.233,0.008,-0.229,0.108,0.12,0.046,0.38,0.924,0.929,0.671,0.401
0.531,0.695,0.164,-0.613,0.183,0.43,-0.276,-0.25,0.957,1.713,1.608,1.215
0.274,0.472,0.198,-0.373,0.038,0.335,-0.656,-1.514,-0.642,0.356,0.756,0.887
-0.178,-0.049,0.128,0.113,-0.153,0.039,-0.597,-1.676,-1.529,-1.072,-0.589,-0.121
-0.134,-0.163,-0.029,0.148,-0.052,-0.096,-0.28,-0.816,-0.856,-0.692,-0.508,-0.25
-0.048,-0.154,-0.106,0.101,0.029,-0.13,-0.102,-0.28,-0.316,-0.304,-0.262,-0.143
-0.072,-0.123,-0.051,0.098,-0.01,-0.087,-0.03,-0.125,-0.118,-0.125,-0.148,-0.107
-0.068,-0.121,-0.053,0.095,-0.007,-0.087,-0.006,-0.087,-0.079,-0.098,-0.121,-0.08
-0.072,-0.112,-0.04,0.092,-0.016,-0.076,0.0,-0.071,-0.053,-0.097,-0.11,-0.082
-0.058,-0.096,-0.038,0.077,-0.01,-0.067,0.005,-0.04,-0.026,-0.058,-0.077,-0.056
-0.058,-0.093,-0.034,0.076,-0.012,-0.063,0.006,-0.036,-0.029,-0.069,-0.092,-0.059
-0.059,-0.086,-0.027,0.073,-0.016,-0.057,0.012,-0.025,-0.013,-0.043,-0.073,-0.044
-0.061,-0.087,-0.026,0.075,-0.017,-0.057,0.015,-0.016,-0.014,-0.049,-0.081,-0.043
-0.064,-0.081,-0.017,0.073,-0.023,-0.049,0.018,-0.003,-0.002,-0.032,-0.07,-0.034
-0.07,-0.081,-0.011,0.076,-0.03,-0.045,0.022,0.009,0.008,-0.028,-0.062,-0.027
-0.075,-0.076,-0.002,0.076,-0.036,-0.039,0.025,0.022,0.022,-0.007,-0.047,-0.022
-0.064,-0.064,0.0,0.064,-0.032,-0.032,0.029,0.042,0.048,0.011,-0.028,-0.001
-0.056,-0.053,0.003,0.054,-0.03,-0.024,0.03,0.07,0.082,0.029,-0.008,0.021
-0.044,-0.038,0.006,0.041,-0.025,-0.016,0.03,0.108,0.103,0.056,0.013,0.035
-0.035,-0.025,0.01,0.03,-0.022,-0.008,0.03,0.155,0.138,0.078,0.031,0.047
-0.019,-0.009,0.01,0.014,-0.014,0.0,0.03,0.219,0.19,0.12,0.061,0.073
-0.009,0.013,0.022,-0.002,-0.016,0.017,0.03,0.287,0.252,0.172,0.1,0.104
-0.007,0.031,0.038,-0.012,-0.023,0.035,0.03,0.36,0.312,0.227,0.141,0.132
0.025,0.065,0.04,-0.045,-0.008,0.053,0.034,0.435,0.375,0.286,0.192,0.172
0.06,0.1,0.04,-0.08,0.01,0.069,0.035,0.495,0.438,0.345,0.24,0.21
0.066,0.106,0.04,-0.086,0.013,0.073,0.035,0.513,0.44,0.362,0.251,0.213
0.053,0.094,0.04,-0.073,0.006,0.067,0.035,0.491,0.433,0.361,0.251,0.198
0.041,0.08,0.039,-0.061,0.001,0.06,0.036,0.431,0.396,0.335,0.242,0.19
0.013,0.064,0.051,-0.039,-0.019,0.057,0.043,0.327,0.305,0.258,0.189,0.169
-0.019,0.035,0.054,-0.008,-0.037,0.044,0.042,0.223,0.225,0.189,0.128,0.118
-0.046,0.001,0.047,0.022,-0.046,0.024,0.039,0.138,0.148,0.123,0.078,0.067
-0.081,-0.037,0.044,0.059,-0.062,0.003,0.04,0.071,0.093,0.07,0.03,0.031
-0.087,-0.048,0.038,0.068,-0.063,-0.005,0.04,0.031,0.059,0.04,0.003,0.009
-0.093,-0.058,0.035,0.075,-0.064,-0.011,0.04,0.009,0.041,0.023,-0.013,0.001
-0.11,-0.081,0.03,0.095,-0.07,-0.025,0.042,-0.003,0.031,0.017,-0.027,-0.004
-0.106,-0.08,0.026,0.093,-0.066,-0.026,0.044,-0.017,0.02,0.007,-0.032,-0.009
-0.099,-0.08,0.02,0.089,-0.06,-0.03,0.052,-0.028,0.015,-0.002,-0.035,-0.015
-0.111,-0.08,0.031,0.096,-0.071,-0.025,0.058,-0.025,0.007,-0.01,-0.03,-0.019
-0.122,-0.08,0.043,0.101,-0.083,-0.018,0.052,-0.025,0.001,-0.015,-0.03,-0.015
-0.116,-0.079,0.036,0.098,-0.076,-0.021,0.05,-0.023,-0.006,-0.021,-0.029,-0.01
-0.108,-0.073,0.035,0.09,-0.071,-0.019,0.045,-0.02,-0.009,-0.024,-0.024,-0.006
-0.101,-0.07,0.031,0.085,-0.066,-0.019,0.041,-0.02,0.0,-0.015,-0.026,-0.001
-0.095,-0.065,0.03,0.08,-0.062,-0.017,0.038,-0.017,0.01,-0.005,-0.022,0.003
-0.088,-0.062,0.027,0.075,-0.057,-0.017,0.035,-0.011,0.02,0.005,-0.02,0.008
-0.076,-0.058,0.019,0.067,-0.047,-0.019,0.035,-0.007,0.03,0.015,-0.02,0.012
-0.067,-0.054,0.013,0.06,-0.039,-0.02,0.032,-0.003,0.038,0.019,-0.016,0.017
-0.057,-0.052,0.006,0.054,-0.031,-0.023,0.03,0.003,0.034,0.026,-0.015,0.019
-0.044,-0.045,-0.001,0.044,-0.021,-0.023,0.03,0.004,0.03,0.029,-0.015,0.016
-0.043,-0.048,-0.004,0.046,-0.019,-0.026,0.034,-0.002,0.028,0.024,-0.01,0.013
-0.05,-0.05,0.001,0.05,-0.026,-0.024,0.035,-0.006,0.023,0.019,-0.01,0.011
-0.053,-0.053,0.0,0.053,-0.026,-0.027,0.035,-0.011,0.02,0.015,-0.01,0.007
-0.055,-0.069,-0.014,0.062,-0.02,-0.041,0.04,-0.015,0.016,0.01,-0.009,0.005
-0.059,-0.071,-0.012,0.065,-0.024,-0.041,0.04,-0.019,0.009,0.005,-0.011,0.003
-0.073,-0.068,0.004,0.07,-0.039,-0.032,0.039,-0.025,0.002,0.001,-0.007,-0.003
-0.077,-0.067,0.01,0.071,-0.043,-0.028,0.034,-0.032,-0.004,-0.006,-0.024,-0.007
-0.066,-0.063,0.003,0.065,-0.034,-0.03,0.03,-0.048,-0.011,-0.013,-0.043,-0.011
-0.061,-0.069,-0.008,0.065,-0.026,-0.038,0.028,-0.057,-0.015,-0.019,-0.044,-0.016
-0.055,-0.082,-0.026,0.069,-0.014,-0.054,0.022,-0.054,-0.015,-0.027,-0.049,-0.021
-0.053,-0.097,-0.044,0.075,-0.004,-0.07,0.021,-0.055,-0.015,-0.029,-0.051,-0.024
-0.055,-0.106,-0.051,0.081,-0.001,-0.078,0.014,-0.055,-0.016,-0.025,-0.054,-0.025
-0.055,-0.105,-0.05,0.08,-0.002,-0.077,0.02,-0.055,-0.015,-0.023,-0.057,-0.025
-0.067,-0.106,-0.039,0.087,-0.014,-0.072,0.036,-0.051,-0.012,-0.021,-0.061,-0.025
-0.066,-0.099,-0.033,0.083,-0.016,-0.066,0.036,-0.047,-0.009,-0.016,-0.059,-0.026
-0.063,-0.086,-0.023,0.075,-0.02,-0.054,0.035,-0.044,-0.005,-0.015,-0.047,-0.021
-0.056,-0.074,-0.018,0.065,-0.019,-0.046,0.036,-0.041,-0.003,-0.009,-0.036,-0.004
-0.031,-0.032,-0.002,0.031,-0.014,-0.017,0.05,-0.037,0.027,0.006,-0.022,0.018
-0.032,0.001,0.034,0.015,-0.033,0.017,0.056,-0.033,0.046,0.019,-0.009,0.036
-0.02,-0.012,0.009,0.016,-0.015,-0.001,0.028,-0.028,0.045,0.035,0.006,0.048
-0.012,-0.03,-0.018,0.021,0.003,-0.024,-0.007,-0.026,0.043,0.035,0.017,0.044
-0.02,-0.04,-0.02,0.031,0.0,-0.03,-0.006,-0.051,0.015,0.02,0.007,0.034
-0.012,-0.047,-0.036,0.03,0.012,-0.041,0.005,-0.08,-0.011,0.014,-0.002,0.029
-0.019,-0.055,-0.036,0.038,0.009,-0.045,0.015,-0.071,-0.019,-0.007,-0.017,0.017
-0.045,-0.078,-0.033,0.062,-0.006,-0.055,0.028,-0.081,-0.025,-0.015,-0.031,0.012
-0.085,-0.118,-0.033,0.101,-0.026,-0.075,0.039,-0.079,-0.041,-0.049,-0.069,-0.019
-0.095,-0.121,-0.027,0.108,-0.034,-0.074,0.041,-0.077,-0.041,-0.049,-0.061,-0.02
-0.098,-0.133,-0.036,0.115,-0.031,-0.084,0.037,-0.079,-0.046,-0.06,-0.068,-0.019
-0.103,-0.142,-0.039,0.123,-0.032,-0.09,0.046,-0.066,-0.027,-0.05,-0.073,-0.025
-0.098,-0.128,-0.03,0.113,-0.034,-0.078,0.028,-0.094,-0.037,-0.046,-0.065,-0.011
-0.103,-0.155,-0.052,0.129,-0.025,-0.104,0.104,0.058,0.042,-0.057,-0.11,-0.08
-0.089,-0.127,-0.038,0.108,-0.025,-0.083,0.181,0.261,0.266,0.131,-0.01,-0.054
0.054,0.086,0.032,-0.07,0.011,0.059,0.134,0.451,0.774,0.642,0.412,0.235
0.428,0.544,0.116,-0.487,0.156,0.33,-0.087,0.106,1.174,1.614,1.414,1.023
0.404,0.59,0.187,-0.497,0.108,0.388,-0.579,-1.264,-0.048,1.001,1.256,1.204
-0.104,0.071,0.175,0.016,-0.139,0.123,-0.695,-1.886,-1.431,-0.783,-0.236,0.228
-0.217,-0.201,0.016,0.209,-0.116,-0.092,-0.322,-1.058,-1.033,-0.829,-0.547,-0.213
-0.114,-0.174,-0.06,0.144,-0.026,-0.117,-0.093,-0.316,-0.33,-0.296,-0.228,-0.094
-0.129,-0.132,-0.004,0.131,-0.062,-0.068,0.004,-0.102,-0.097,-0.132,-0.135,-0.055
-0.112,-0.124,-0.012,0.118,-0.05,-0.068,0.047,-0.034,-0.025,-0.047,-0.067,-0.02
-0.105,-0.118,-0.014,0.112,-0.045,-0.066,0.05,-0.015,-0.015,-0.06,-0.076,-0.033
-0.097,-0.112,-0.014,0.105,-0.041,-0.063,0.067,0.003,0.009,-0.02,-0.047,-0.013
-0.092,-0.113,-0.021,0.103,-0.035,-0.067,0.064,0.014,0.011,-0.028,-0.051,-0.01
-0.088,-0.106,-0.018,0.097,-0.035,-0.062,0.066,0.032,0.031,-0.008,-0.037,-0.001
-0.084,-0.106,-0.023,0.095,-0.03,-0.064,0.065,0.046,0.038,-0.007,-0.036,0.005
-0.079,-0.103,-0.024,0.092,-0.027,-0.063,0.065,0.042,0.046,0.0,-0.03,0.007
-0.072,-0.098,-0.026,0.085,-0.023,-0.062,0.065,0.061,0.052,0.009,-0.022,0.014
-0.068,-0.091,-0.022,0.08,-0.023,-0.056,0.064,0.076,0.059,0.011,-0.021,0.016
-0.064,-0.084,-0.02,0.074,-0.022,-0.052,0.066,0.08,0.072,0.023,-0.008,0.022
-0.061,-0.078,-0.017,0.07,-0.022,-0.047,0.064,0.109,0.089,0.034,-0.001,0.029
-0.054,-0.067,-0.014,0.061,-0.02,-0.04,0.066,0.136,0.113,0.053,0.013,0.043
-0.042,-0.053,-0.011,0.048,-0.016,-0.032,0.064,0.179,0.147,0.075,0.031,0.058
-0.03,-0.039,-0.009,0.034,-0.01,-0.024,0.06,0.242,0.195,0.115,0.053,0.078
-0.008,-0.014,-0.006,0.011,-0.001,-0.01,0.06,0.312,0.245,0.156,0.085,0.098
0.02,0.015,-0.005,-0.017,0.012,0.005,0.06,0.396,0.306,0.206,0.126,0.131
0.032,0.027,-0.004,-0.029,0.018,0.011,0.06,0.467,0.367,0.263,0.174,0.168
0.051,0.052,0.0,-0.051,0.025,0.026,0.06,0.522,0.418,0.308,0.216,0.198
0.075,0.075,0.0,-0.075,0.037,0.037,0.058,0.546,0.439,0.338,0.241,0.223
0.072,0.07,-0.002,-0.071,0.037,0.034,0.054,0.528,0.432,0.341,0.24,0.227
0.068,0.062,-0.007,-0.065,0.037,0.028,0.055,0.474,0.407,0.327,0.236,0.213
0.05,0.04,-0.01,-0.045,0.03,0.014,0.055,0.381,0.347,0.285,0.202,0.187
0.012,0.0,-0.012,-0.006,0.012,-0.006,0.055,0.271,0.263,0.213,0.136,0.142
-0.025,-0.044,-0.019,0.035,-0.003,-0.031,0.055,0.174,0.183,0.142,0.08,0.092
-0.056,-0.075,-0.018,0.065,-0.019,-0.046,0.05,0.106,0.126,0.086,0.023,0.049
-0.076,-0.093,-0.016,0.085,-0.03,-0.054,0.051,0.061,0.085,0.043,0.021,0.023
-0.101,-0.106,-0.004,0.104,-0.048,-0.055,0.045,0.03,0.057,0.018,-0.04,0.012
-0.096,-0.11,-0.014,0.104,-0.041,-0.062,0.047,0.007,0.038,0.005,0.042,0.001
-0.074,-0.11,-0.037,0.092,-0.018,-0.073,0.032,-0.009,0.023,-0.005,0.145,-0.011
